weekStarting,Brand,Sum_sum_sale_liters,Sum_sum_sale_dollars,TweetCount
2012-01-01,Admiral Nelson,1075.5,12071.9,1
2012-01-01,Crown Royal,3700.75,104620.57,12
2012-01-01,Smirnoff,5303.775,75216.7,10
2012-01-08,Absolut,3925.75,84386.8300000001,1
2012-01-08,Admiral Nelson,2683.125,29356.43,1
2012-01-08,Crown Royal,4298.325,120982.7,10
2012-01-08,Smirnoff,7627.675,106493.88,1
2012-01-15,Absolut,7864.9,168034.32,7
2012-01-15,Admiral Nelson,2194,24293.27,1
2012-01-15,Crown Royal,4814.075,136985.64,19
2012-01-22,Absolut,6975.8,148242.87,1
2012-01-22,Admiral Nelson,3591,40669.1899999999,1
2012-01-22,Crown Royal,4507.375,124122.67,4
2012-01-29,Absolut,4188.8,89494.2300000001,1
2012-01-29,Crown Royal,6116.275,173533.88,2
2012-02-05,Absolut,4938.225,105707.98,1
2012-02-05,Admiral Nelson,6787.25,71569.0999999999,1
2012-02-05,Crown Royal,5703.62500000001,160497.08,3
2012-02-12,Absolut,4683.625,99375.9200000001,2
2012-02-12,Admiral Nelson,3802.475,40077.48,1
2012-02-19,Admiral Nelson,3854.15,40842.3999999999,1
2012-02-19,Crown Royal,7216.8,202886.56,11
2012-02-26,Crown Royal,5837.775,163441.92,7
2012-03-04,Absolut,4072.65,86761.7600000002,4
2012-03-04,Admiral Nelson,6395.2,66667.7499999999,2
2012-03-04,Crown Royal,4849.425,137724.03,6
2012-03-11,Absolut,6139.825,132455,3
2012-03-11,Admiral Nelson,6085.15,63457.9899999999,1
2012-03-11,Crown Royal,5473.325,153513.62,1
2012-03-18,Admiral Nelson,4479.75,47181.7799999999,1
2012-03-18,Crown Royal,5769.85,160058.23,3
2012-03-25,Absolut,4651.925,99816.4200000003,1
2012-03-25,Admiral Nelson,6092.675,63458.68,1
2012-03-25,Crown Royal,6431.675,177953.31,4
2012-04-01,Admiral Nelson,3780.975,39958.22,1
2012-04-01,Crown Royal,7454.475,208816.2,3
2012-04-08,Absolut,6703.45,133279.66,1
2012-04-08,Admiral Nelson,4190.15,44408.8299999999,1
2012-04-08,Crown Royal,6197.65,174494.45,1
2012-04-15,Admiral Nelson,4370.75,46182.1799999999,1
2012-04-15,Crown Royal,7869.55,219878.19,10
2012-04-22,Absolut,5606.3,119944.12,1
2012-04-22,Admiral Nelson,4055.825,42820.07,1
2012-04-22,Crown Royal,4838.75,134630.83,16
2012-04-29,Admiral Nelson,5125.5,54105.5299999999,1
2012-04-29,Crown Royal,5432.775,152566.08,7
2012-05-06,Admiral Nelson,4564.475,47905.5599999999,1
2012-05-06,Crown Royal,5398.4,151243.86,4
2012-05-13,Admiral Nelson,5219.45,54798.3599999999,1
2012-05-13,Crown Royal,5364.07500000001,150050.02,4
2012-05-20,Admiral Nelson,8527.425,89167.4499999999,1
2012-05-20,Crown Royal,6939.2,198591.36,3
2012-05-27,Absolut,5771.275,120244.39,1
2012-05-27,Admiral Nelson,4144.175,43205.26,1
2012-05-27,Crown Royal,4626.4,129877.21,1
2012-06-03,Admiral Nelson,4743.4,49857.8399999999,1
2012-06-03,Crown Royal,7390.72500000001,207422.64,8
2012-06-10,Absolut,6286.9,134122.11,1
2012-06-10,Admiral Nelson,4130.325,43674.0999999999,1
2012-06-10,Crown Royal,11735.75,326301.76,11
2012-06-10,Smirnoff,15258.175,211235.25,9
2012-06-17,Admiral Nelson,3889.725,41153.7199999999,1
2012-06-17,Crown Royal,8511.275,242565.34,16
2012-06-17,Smirnoff,11636.55,164365.88,4
2012-06-24,Admiral Nelson,5059.975,53700.49,1
2012-06-24,Crown Royal,10021.1,282562.78,15
2012-07-01,Absolut,7432.725,154241.56,2
2012-07-01,Admiral Nelson,5809.825,60464.4299999999,3
2012-07-01,Crown Royal,5041.15,143200.31,17
2012-07-01,Smirnoff,9198.85,133264.66,3
2012-07-08,Admiral Nelson,5542.55,57973.74,2
2012-07-08,Crown Royal,5315.5,150553.25,9
2012-07-08,Smirnoff,8946.35,133220,1
2012-07-15,Admiral Nelson,6990,72639.9299999999,2
2012-07-15,Crown Royal,4628.1,130587.36,6
2012-07-22,Absolut,6840.8,145862.71,2
2012-07-22,Admiral Nelson,4936.6,51904.93,3
2012-07-22,Crown Royal,5837.3,164290.97,5
2012-07-22,Smirnoff,9562.425,138844.43,1
2012-07-29,Admiral Nelson,4102.95,43315.4299999999,1
2012-07-29,Crown Royal,5545.65,155750.11,4
2012-07-29,Smirnoff,9557.075,137783.06,24
2012-08-05,Crown Royal,5172.57500000001,145562.82,3
2012-08-05,Smirnoff,8861,128402.99,15
2012-08-12,Admiral Nelson,4683.525,49161.33,1
2012-08-12,Crown Royal,5211.30000000001,147583.75,5
2012-08-12,Smirnoff,10280,145927.53,8
2012-08-19,Admiral Nelson,4957.275,51811.7199999999,1
2012-08-19,Crown Royal,5214.475,145684.16,5
2012-08-19,Smirnoff,9650.625,139544.58,3
2012-08-26,Absolut,9171.625,198518.97,1
2012-08-26,Admiral Nelson,6416.775,67215.6599999999,1
2012-08-26,Crown Royal,8243.82500000001,230032.76,7
2012-08-26,Seagrams,11047.025,126317.99,6
2012-08-26,Smirnoff,12096.05,173298.27,5
2012-09-02,Absolut,4533.9,94980.4500000002,1
2012-09-02,Crown Royal,11355.65,322373.16,4
2012-09-02,Seagrams,8962.8,100823.16,5
2012-09-02,Smirnoff,13336.3,185938.48,6
2012-09-09,Crown Royal,16337.45,465201.13,7
2012-09-09,Seagrams,18646.75,205288.34,10
2012-09-09,Smirnoff,16625.525,231994.73,3
2012-09-16,Admiral Nelson,4007.5,42517.1299999999,1
2012-09-16,Crown Royal,10992.6,315234.47,3
2012-09-16,Seagrams,9715.125,111740.22,29
2012-09-16,Smirnoff,10885.425,158204.53,1
2012-09-23,Admiral Nelson,3828.625,40182.02,1
2012-09-23,Seagrams,8450.325,97881.1300000002,9
2012-09-23,Smirnoff,10318.075,145967.93,7
2012-09-30,Crown Royal,13103.675,372281.22,3
2012-09-30,Seagrams,8619.5,99748.5800000001,9
2012-09-30,Smirnoff,12483.15,177030.75,5
2012-10-07,Admiral Nelson,7464.375,77476.4599999999,1
2012-10-07,Crown Royal,8577.27500000001,242863.78,7
2012-10-07,Jack Daniels,14637.75,377691.43,1
2012-10-07,Seagrams,7620.35,88847.22,7
2012-10-07,Smirnoff,11909.375,170678.9,6
2012-10-14,Admiral Nelson,5441.425,58552.19,4
2012-10-14,Crown Royal,15579.975,440900.59,13
2012-10-14,Jack Daniels,16657.3,419407.849999999,54
2012-10-14,Seagrams,9300.65,104747.11,7
2012-10-14,Smirnoff,15310,210664.11,5
2012-10-21,Absolut,14365.275,302811.63,1
2012-10-21,Admiral Nelson,11046.325,113242.06,2
2012-10-21,Crown Royal,7637.5,218494.6,12
2012-10-21,Jack Daniels,11683.95,301950.91,6
2012-10-21,Seagrams,10338.675,117370,5
2012-10-21,Smirnoff,13099.325,183962.48,9
2012-10-28,Admiral Nelson,4987.575,52377.35,1
2012-10-28,Crown Royal,5268.175,149350.13,1
2012-10-28,Jack Daniels,4269.525,108224.15,2
2012-10-28,Jagermeister,3822.95,91091.52,32
2012-10-28,Seagrams,6925.575,82214.16,7
2012-10-28,Smirnoff,7271.775,107314.69,8
2012-11-04,Crown Royal,6327.5,180739.65,7
2012-11-04,Jack Daniels,5477.575,143315.71,1
2012-11-04,Jagermeister,3542.75,85130.12,23
2012-11-04,Seagrams,7549.525,88436.88,7
2012-11-04,Smirnoff,8681.675,126662.39,15
2012-11-11,Admiral Nelson,5931.025,62749.05,2
2012-11-11,Crown Royal,9391.65000000001,265829.86,5
2012-11-11,Jack Daniels,9920.725,264794.71,1
2012-11-11,Jagermeister,6180.375,146840.67,28
2012-11-11,Seagrams,10990.95,127474.5,6
2012-11-11,Smirnoff,11493.475,164677.61,11
2012-11-18,Admiral Nelson,1793.925,18879.31,2
2012-11-18,Crown Royal,7064.25,196383.81,3
2012-11-18,Jack Daniels,2480.8,63825.53,5
2012-11-18,Jagermeister,1527.75,36705.32,17
2012-11-18,Seagrams,5226.45,58750.88,6
2012-11-18,Smirnoff,4490.05,63213.09,21
2012-11-25,Absolut,7010.75,151611.69,2
2012-11-25,Admiral Nelson,4467.775,47393.48,2
2012-11-25,Crown Royal,8811.425,251374.49,7
2012-11-25,Jack Daniels,9323.775,234238.16,3
2012-11-25,Jagermeister,3932.6,93971.4,15
2012-11-25,Seagrams,9924.65,115312.05,3
2012-11-25,Smirnoff,10418.175,150311.07,26
2012-12-02,Absolut,5339.725,115126.41,5
2012-12-02,Crown Royal,5865.225,166282.7,12
2012-12-02,Jagermeister,4723.6,112287.2,38
2012-12-02,Seagrams,7958.225,93628.75,5
2012-12-02,Smirnoff,7664.75,115123.67,33
2012-12-09,Absolut,8189.725,165711.73,5
2012-12-09,Admiral Nelson,4616.925,48824.5999999999,1
2012-12-09,Crown Royal,7818.325,225051.08,5
2012-12-09,Jagermeister,8648.65,203959.34,39
2012-12-09,Seagrams,12942.65,148293.3,6
2012-12-09,Smirnoff,11634.8,166043.18,24
2012-12-16,Absolut,9121.7,197855.77,2
2012-12-16,Admiral Nelson,5862.45,61903.5799999999,2
2012-12-16,Crown Royal,11606.725,335957.979999999,3
2012-12-16,Jagermeister,6939.975,165239.89,1
2012-12-16,Seagrams,12061.575,139975.85,8
2012-12-16,Smirnoff,11734.825,175448.33,27
2012-12-23,Absolut,6138.525,131242.14,3
2012-12-23,Admiral Nelson,5526.025,58374.2899999999,2
2012-12-23,Jagermeister,3933.85,94386.7,7
2012-12-23,Seagrams,9118.05,107163.96,7
2012-12-23,Smirnoff,9744.5,146318.17,16
2012-12-30,Absolut,3808.4,80018.29,3
2012-12-30,Admiral Nelson,3128.05,33133.71,2
2012-12-30,Crown Royal,4658.725,135294.06,1
2012-12-30,Jagermeister,2157.875,52080.45,6
2012-12-30,Seagrams,5362.1,60960,4
2012-12-30,Smirnoff,6298.6,93311.94,19
2013-01-06,Absolut,4089.85,89276.8200000001,4
2013-01-06,Admiral Nelson,6579.6,69326.2299999999,2
2013-01-06,Crown Royal,4710.525,134320.83,9
2013-01-06,Jagermeister,2925.775,70043.37,2
2013-01-06,Seagrams,9000.525,99551.9300000001,6
2013-01-06,Smirnoff,9113.4,130200.79,30
2013-01-13,Absolut,4996.875,107583.07,3
2013-01-13,Admiral Nelson,3986.425,42105.8499999999,2
2013-01-13,Crown Royal,5172.7,145762.78,19
2013-01-13,Jagermeister,2748.325,65825.85,19
2013-01-13,Seagrams,7666.1,87875.98,4
2013-01-13,Smirnoff,8261.85,119851.54,22
2013-01-20,Absolut,5724.85,117956.84,2
2013-01-20,Admiral Nelson,4060.075,42862.7499999999,2
2013-01-20,Crown Royal,4019.325,113029.65,9
2013-01-20,Jagermeister,2860.2,68397.24,16
2013-01-20,Seagrams,8469.3,95245.0800000001,6
2013-01-20,Smirnoff,7631.55,111297.94,15
2013-01-27,Absolut,4749.35,100986.39,3
2013-01-27,Admiral Nelson,5470.6,56524.6799999999,1
2013-01-27,Crown Royal,5389.8,151945.99,3
2013-01-27,Jagermeister,2749.025,66194.97,8
2013-01-27,Seagrams,9403.6,103969.46,4
2013-01-27,Smirnoff,9246.075,134085.83,14
2013-02-03,Absolut,6652.55,135909.3,6
2013-02-03,Crown Royal,8099.87500000001,227373.64,11
2013-02-03,Jagermeister,3036.875,72962.7900000001,10
2013-02-03,Seagrams,7082.975,83122.3900000002,5
2013-02-03,Smirnoff,8011.425,119209.19,13
2013-02-10,Absolut,7590.55,162597.43,6
2013-02-10,Admiral Nelson,4025.3,42537.3499999999,2
2013-02-10,Crown Royal,13378.225,370325.04,40
2013-02-10,Jagermeister,3485.775,83164.19,8
2013-02-10,Seagrams,6843.7,79326.5900000002,8
2013-02-10,Smirnoff,9342.075,134344.12,16
2013-02-17,Absolut,4969.175,107018.02,3
2013-02-17,Admiral Nelson,4095.1,43114.6699999999,2
2013-02-17,Crown Royal,9338.35,262272.56,50
2013-02-17,Jagermeister,3681.85,87895.02,15
2013-02-17,Seagrams,7020.525,82681.25,3
2013-02-17,Smirnoff,6949.95,103660.55,12
2013-02-24,Absolut,7839.175,165090.71,3
2013-02-24,Crown Royal,5708.75000000001,161596.84,97
2013-02-24,Jagermeister,3204.5,76751.22,7
2013-02-24,Seagrams,7185.7,83680.4100000001,2
2013-02-24,Smirnoff,6594.025,98726.9700000001,13
2013-03-03,Absolut,4663.925,99472.3800000003,4
2013-03-03,Crown Royal,6342.675,177112.07,111
2013-03-03,Jack Daniels,8934.975,228646.59,6
2013-03-03,Jagermeister,4199.7,100122.94,7
2013-03-03,Seagrams,7173.85,83871.6600000001,2
2013-03-03,Smirnoff,7409.95,111152.38,7
2013-03-10,Absolut,5017.85,106516.14,2
2013-03-10,Admiral Nelson,4551.425,47706.52,2
2013-03-10,Crown Royal,5626.45000000001,158946.65,103
2013-03-10,Jack Daniels,6688.45,172308.61,16
2013-03-10,Jagermeister,5510.775,130338.75,4
2013-03-10,Smirnoff,7247.325,108348.91,11
2013-03-17,Absolut,5702.3,121735.47,2
2013-03-17,Crown Royal,5678.67500000001,160122.94,103
2013-03-17,Jack Daniels,6668.425,173900.49,10
2013-03-17,Jagermeister,4148.475,99130.79,7
2013-03-17,Seagrams,6903.525,81250.8100000001,2
2013-03-17,Smirnoff,7975.225,118768.45,11
2013-03-24,Absolut,6082.8,132472.49,1
2013-03-24,Admiral Nelson,4458.975,46603.9999999999,1
2013-03-24,Crown Royal,5011.52500000001,141856.11,69
2013-03-24,Jack Daniels,7473.25,192097.4,16
2013-03-24,Jagermeister,3853.875,92450.97,36
2013-03-24,Seagrams,8632.2,98628.3700000001,4
2013-03-24,Smirnoff,8565.1,129174.77,17
2013-03-31,Absolut,5184.775,111686.57,1
2013-03-31,Admiral Nelson,3970.125,41909.73,1
2013-03-31,Crown Royal,7551.20000000001,210968.71,54
2013-03-31,Jack Daniels,6477.1,167096.15,40
2013-03-31,Jagermeister,3644.85,86704.94,8
2013-03-31,Seagrams,8448.675,98144.99,2
2013-03-31,Smirnoff,8874.425,127524.22,14
2013-04-07,Admiral Nelson,4338.25,45755.7,1
2013-04-07,Crown Royal,6632.97500000001,189532.98,71
2013-04-07,Jack Daniels,7501.35,192085.2,138
2013-04-07,Jagermeister,4133.675,98499.17,33
2013-04-07,Seagrams,15506.475,172137.04,2
2013-04-07,Smirnoff,15311,208134.03,20
2013-04-14,Crown Royal,6764.85000000001,188554.62,30
2013-04-14,Jack Daniels,7232.5,185155.29,118
2013-04-14,Jagermeister,3694.325,88428.3100000001,14
2013-04-14,Seagrams,8350.35,95825.6400000002,2
2013-04-14,Smirnoff,9175.6,132116.15,12
2013-04-21,Admiral Nelson,4958.875,51920.0899999999,2
2013-04-21,Crown Royal,8004.25000000001,222817.33,59
2013-04-21,Jack Daniels,7084.45,181266.05,45
2013-04-21,Jagermeister,3990.125,95209.9300000001,9
2013-04-21,Seagrams,8984.275,101879.9,4
2013-04-21,Smirnoff,11961.8,167265.55,16
2013-04-28,Absolut,5865.725,125230.35,1
2013-04-28,Admiral Nelson,5908.625,61603.9099999999,1
2013-04-28,Crown Royal,6439.05,200837.05,62
2013-04-28,Jack Daniels,11509.425,295153.88,141
2013-04-28,Jagermeister,4014.3,95685.22,15
2013-04-28,Seagrams,10549.225,120619.34,2
2013-04-28,Smirnoff,8602.25,126054.2,29
2013-05-05,Crown Royal,8242.95000000001,235506.35,61
2013-05-05,Jack Daniels,5120,135302.81,106
2013-05-05,Jagermeister,6901.725,163093.77,6
2013-05-05,Seagrams,7118.625,86263.56,2
2013-05-05,Smirnoff,7516.65,116710,9
2013-05-12,Admiral Nelson,5329.875,56068.8899999999,1
2013-05-12,Crown Royal,6383.82500000001,183085.67,33
2013-05-12,Jack Daniels,5194.075,137450.96,42
2013-05-12,Jagermeister,4502.9,107389.98,28
2013-05-12,Seagrams,7353.675,88383.1599999999,3
2013-05-12,Smirnoff,7736.675,120011.86,15
2013-05-19,Absolut,8999.875,188995.38,1
2013-05-19,Admiral Nelson,6344.125,67112.6499999999,1
2013-05-19,Crown Royal,5785.07500000001,167838.15,36
2013-05-19,Jack Daniels,5956.075,156775.73,57
2013-05-19,Jagermeister,3431.975,82614.57,5
2013-05-19,Seagrams,8167.85,98055.73,4
2013-05-19,Smirnoff,9872.45,150507.29,20
2013-05-26,Crown Royal,6714.97500000001,194608.8,27
2013-05-26,Jack Daniels,5449.8,143431.78,1
2013-05-26,Jagermeister,3940.475,94098.7300000001,12
2013-05-26,Seagrams,7000.525,84606.1300000001,2
2013-05-26,Smirnoff,8592.65,132959.22,12
2013-06-02,Crown Royal,6110.475,175612.87,49
2013-06-02,Jack Daniels,9987.125,254490.71,2
2013-06-02,Jagermeister,3665.075,87524.3700000001,15
2013-06-02,Seagrams,7030.4,85491.9600000002,3
2013-06-02,Smirnoff,7798.075,118877.67,11
2013-06-09,Admiral Nelson,6651.875,69563.0999999999,1
2013-06-09,Crown Royal,8522.875,245472.27,31
2013-06-09,Jagermeister,5092.825,121844.17,17
2013-06-09,Seagrams,11419.65,137039.23,3
2013-06-09,Smirnoff,15243.975,223897.22,14
2013-06-16,Crown Royal,3104.875,89584.0700000001,32
2013-06-16,Jack Daniels,2466.025,65049.43,1
2013-06-16,Jagermeister,1426.975,34271.71,16
2013-06-16,Seagrams,4541.425,53058.41,5
2013-06-16,Smirnoff,6469.1,91640.7300000001,14
2013-06-23,Absolut,11585.325,247732.92,1
2013-06-23,Crown Royal,8343.875,243327.73,42
2013-06-23,Jack Daniels,8339.85,221249.05,1
2013-06-23,Jagermeister,4653.525,112002.27,12
2013-06-23,Seagrams,9571.025,115984.95,32
2013-06-23,Smirnoff,11989.3,180724.04,15
2013-06-30,Admiral Nelson,3800.75,40291.6099999999,2
2013-06-30,Crown Royal,5869.65000000001,169623.34,28
2013-06-30,Jack Daniels,7318.175,192596.44,4
2013-06-30,Jagermeister,4134.275,98598.9900000001,7
2013-06-30,Seagrams,8387.5,101710.1,16
2013-06-30,Smirnoff,10751.275,163704.13,27
2013-07-07,Admiral Nelson,3691.75,38805.4299999999,3
2013-07-07,Crown Royal,5524.12500000001,160662.09,33
2013-07-07,Jack Daniels,10563.175,275368.16,8
2013-07-07,Jagermeister,3008.8,72447.9800000001,21
2013-07-07,Seagrams,7779.775,94478.68,13
2013-07-07,Smirnoff,10161.025,154659.4,10
2013-07-14,Admiral Nelson,4303.25,45634.3599999999,3
2013-07-14,Crown Royal,4554.975,134332.77,20
2013-07-14,Jack Daniels,5397.9,142136,1
2013-07-14,Jagermeister,3732.225,89995.5900000001,13
2013-07-14,Seagrams,8046.2,96759.5400000001,4
2013-07-14,Smirnoff,10648.825,161529.74,12
2013-07-21,Admiral Nelson,3986.25,42246.0799999999,3
2013-07-21,Crown Royal,5278.225,152589.98,65
2013-07-21,Jack Daniels,5307.525,139836.64,14
2013-07-21,Jagermeister,3129.075,75581.0900000001,8
2013-07-21,Seagrams,6753.8,80989.81,4
2013-07-21,Smirnoff,10542.5,162119.43,13
2013-07-28,Admiral Nelson,4593.5,48518.3499999999,3
2013-07-28,Crown Royal,7475.275,217130.78,45
2013-07-28,Jack Daniels,9466.575,249540.22,24
2013-07-28,Jagermeister,3763.5,90647.0800000001,19
2013-07-28,Seagrams,8010.95,96450.1400000001,12
2013-07-28,Smirnoff,11986.3,180013.39,10
2013-08-04,Admiral Nelson,4880,51226.83,3
2013-08-04,Captain Morgan,15480.325,260574.75,4
2013-08-04,Crown Royal,9812.525,285099.27,22
2013-08-04,Jack Daniels,5486.925,144007.57,12
2013-08-04,Jagermeister,5169.8,124053.86,9
2013-08-04,Seagrams,7531.075,91990.7500000001,7
2013-08-04,Smirnoff,10344.7,155244.66,10
2013-08-11,Absolut,11069.275,238006.21,1
2013-08-11,Admiral Nelson,5536.125,58453.5499999999,3
2013-08-11,Bacardi,14840.675,203522.44,22
2013-08-11,Captain Morgan,14311.9,241363.4,11
2013-08-11,Crown Royal,9326.22499999999,267620.84,47
2013-08-11,Jagermeister,4199.45,100248.32,7
2013-08-11,Seagrams,7065.2,85272.8999999999,6
2013-08-11,Smirnoff,9738.325,147675.62,11
2013-08-18,Absolut,6017.1,131501.27,1
2013-08-18,Admiral Nelson,5318.25,55864.5999999999,3
2013-08-18,Bacardi,9400.725,128766.94,108
2013-08-18,Captain Morgan,21358.35,360275.27,24
2013-08-18,Crown Royal,10652.475,304335.23,48
2013-08-18,Jack Daniels,6403.125,169011.29,1
2013-08-18,Jagermeister,3844.4,92154.0200000001,6
2013-08-18,Seagrams,7236.775,87455.5700000001,6
2013-08-18,Smirnoff,12832.9,184381.85,8
2013-08-25,Admiral Nelson,6730.125,71140.9599999999,3
2013-08-25,Bacardi,12384.275,170871.45,59
2013-08-25,Captain Morgan,21562.6,357818.99,8
2013-08-25,Crown Royal,19645.5,571868.919999999,45
2013-08-25,Jack Daniels,7683.175,202841.28,1
2013-08-25,Jagermeister,4654.775,110987.85,1
2013-08-25,Seagrams,8912.525,106015.83,8
2013-08-25,Smirnoff,12191.775,182447.77,10
2013-09-01,Admiral Nelson,4629.125,49169.0699999999,3
2013-09-01,Bacardi,8619.625,122613.01,68
2013-09-01,Captain Morgan,15296.425,257878.13,6
2013-09-01,Crown Royal,5378.17500000001,154684.84,37
2013-09-01,Jack Daniels,9241.075,240118.37,1
2013-09-01,Jagermeister,4437.525,105540.85,15
2013-09-01,Seagrams,9683.375,113959.33,3
2013-09-01,Smirnoff,9699.325,150074.89,8
2013-09-08,Absolut,6238.65,136079.16,6
2013-09-08,Admiral Nelson,4396.125,46583.59,3
2013-09-08,Bacardi,8494.4,120238.33,55
2013-09-08,Captain Morgan,15181.5,255463.84,7
2013-09-08,Crown Royal,5135.45,147692.27,14
2013-09-08,Jagermeister,3594.075,86185.2500000001,24
2013-09-08,Seagrams,9251,110474.79,6
2013-09-08,Smirnoff,9613.525,148737.82,12
2013-09-15,Absolut,5836.55,125271.91,6
2013-09-15,Admiral Nelson,3992.875,42324.7099999999,3
2013-09-15,Bacardi,7982.975,114689.28,64
2013-09-15,Captain Morgan,15000.55,250915.59,8
2013-09-15,Crown Royal,5764.45,167583.31,26
2013-09-15,Jack Daniels,5757.9,152720.68,5
2013-09-15,Jagermeister,3566.525,85233.5700000001,4
2013-09-15,Seagrams,14403.95,167952.54,4
2013-09-15,Smirnoff,8124.65,124617.18,7
2013-09-22,Absolut,6155.4,129597.36,6
2013-09-22,Admiral Nelson,4135.5,43718.6199999999,3
2013-09-22,Bacardi,7800.325,112137.79,76
2013-09-22,Captain Morgan,13974.425,236150.87,7
2013-09-22,Crown Royal,4181.35,121475.82,22
2013-09-22,Jack Daniels,7601.45,200138.69,7
2013-09-22,Jagermeister,4282.875,101892.55,11
2013-09-22,Seagrams,12016.95,141094.89,17
2013-09-22,Smirnoff,8685.175,134016.52,7
2013-09-29,Absolut,13833.3,286819.84,10
2013-09-29,Admiral Nelson,8868.375,92205.67,1
2013-09-29,Bacardi,25409.95,339180.05,55
2013-09-29,Captain Morgan,40227.575,666701.949999998,5
2013-09-29,Crown Royal,14568.45,413834.55,40
2013-09-29,Jack Daniels,22450.525,588578.53,4
2013-09-29,Jagermeister,8814.275,211237.13,34
2013-09-29,Seagrams,9362.8,110726.8,8
2013-09-29,Smirnoff,16837.8,244761.88,8
2013-10-06,Absolut,8920.675,410010.36,3
2013-10-06,Admiral Nelson,8801.5,91377.3399999999,3
2013-10-06,Bacardi,23506.575,315333.49,56
2013-10-06,Captain Morgan,35672.825,592417.409999999,8
2013-10-06,Crown Royal,15096.825,433064.55,33
2013-10-06,Jack Daniels,20243.55,529322.84,6
2013-10-06,Jagermeister,8790.85,210710.64,9
2013-10-06,Seagrams,7096.575,85517.2300000001,10
2013-10-06,Smirnoff,16036.875,234930.32,10
2013-10-13,Absolut,6122.25,487460.53,6
2013-10-13,Admiral Nelson,6319,67083.7599999999,2
2013-10-13,Bacardi,8802.55,122194.59,52
2013-10-13,Captain Morgan,26763.55,448189.659999999,8
2013-10-13,Crown Royal,11780.125,338517.1,25
2013-10-13,Jack Daniels,6148.55,164944.68,6
2013-10-13,Jagermeister,4712.025,112743.67,9
2013-10-13,Seagrams,7609.9,91741.07,11
2013-10-13,Smirnoff,13734.75,198365.39,9
2013-10-20,Absolut,9783.175,238646.75,8
2013-10-20,Admiral Nelson,4549.25,48146.1599999999,2
2013-10-20,Bacardi,6799.2,95911.6900000001,47
2013-10-20,Captain Morgan,14552.85,245052.18,8
2013-10-20,Crown Royal,6578.15000000001,186512.21,22
2013-10-20,Jack Daniels,9891.75,257247.59,26
2013-10-20,Jagermeister,4337.05,104173.82,16
2013-10-20,Seagrams,7537.15,90784.15,20
2013-10-20,Smirnoff,7157.875,109325.02,9
2013-10-27,Absolut,5607.9,149883.95,4
2013-10-27,Admiral Nelson,4203.375,44450.9099999999,3
2013-10-27,Bacardi,6559.775,91666.48,74
2013-10-27,Captain Morgan,19729.05,331829.83,9
2013-10-27,Crown Royal,6024.32500000001,170324.55,18
2013-10-27,Jack Daniels,5589.825,147884.38,10
2013-10-27,Jagermeister,3951.75,94425.5400000002,2
2013-10-27,Seagrams,6806.025,81935.13,26
2013-10-27,Smirnoff,11192.75,167058.84,11
2013-11-03,Absolut,4364.525,97254.8900000002,4
2013-11-03,Admiral Nelson,4036.875,42799.9999999999,2
2013-11-03,Bacardi,7063.275,101283.63,33
2013-11-03,Captain Morgan,13635.925,231107.200000001,7
2013-11-03,Crown Royal,5748.67500000001,165606.63,14
2013-11-03,Jack Daniels,4651.45,123382.89,8
2013-11-03,Seagrams,7585.8,89567.7100000001,37
2013-11-03,Smirnoff,8714.2,135245.95,8
2013-11-10,Absolut,5094.375,115791.44,4
2013-11-10,Admiral Nelson,6257.875,65367.7799999999,3
2013-11-10,Bacardi,8093.525,115562.83,12
2013-11-10,Captain Morgan,18280.5,306169.36,8
2013-11-10,Crown Royal,7748.85000000001,220270.46,18
2013-11-10,Jack Daniels,6335.725,163645.66,14
2013-11-10,Jagermeister,3836.15,91905.4500000001,6
2013-11-10,Seagrams,7637.9,90179.4200000002,31
2013-11-10,Smirnoff,10374.1,156029.87,11
2013-11-17,Absolut,8272.6,192359.79,4
2013-11-17,Admiral Nelson,6828,71602.3799999999,3
2013-11-17,Bacardi,12319.425,172587.1,33
2013-11-17,Captain Morgan,26408.65,443132.129999999,7
2013-11-17,Crown Royal,9500.22499999999,276170.51,15
2013-11-17,Jack Daniels,7596.7,199209,15
2013-11-17,Jagermeister,5327.075,126574.72,1
2013-11-17,Seagrams,10184,121162.03,94
2013-11-17,Smirnoff,9962.7,151534.9,6
2013-11-24,Absolut,4633.025,115907,5
2013-11-24,Admiral Nelson,2037.5,21798.35,4
2013-11-24,Bacardi,3811.975,53825.68,33
2013-11-24,Captain Morgan,8136.525,136109.58,8
2013-11-24,Crown Royal,2595.625,76777.42,14
2013-11-24,Jack Daniels,2268.9,59860.22,5
2013-11-24,Jagermeister,1848.2,43956.82,13
2013-11-24,Seagrams,4725.3,52669.29,16
2013-11-24,Smirnoff,3854.45,59414.11,10
2013-12-01,Absolut,5297.85,122723.21,15
2013-12-01,Bacardi,11094.225,149184.44,278
2013-12-01,Captain Morgan,22657.575,382123.399999999,9
2013-12-01,Crown Royal,8930.6,262461.17,15
2013-12-01,Jack Daniels,13124.575,342452.92,9
2013-12-01,Jagermeister,4443.775,106470.7,2
2013-12-01,Seagrams,9347,111035.18,8
2013-12-01,Smirnoff,16893.274,253836.28,6
2013-12-08,Absolut,8056.125,180884.11,4
2013-12-08,Admiral Nelson,6579,68602.37,3
2013-12-08,Bacardi,10998.925,147173.63,166
2013-12-08,Captain Morgan,23068.525,384431.389999999,9
2013-12-08,Crown Royal,8077.80000000001,237110.67,14
2013-12-08,Jack Daniels,6865.225,180211.78,8
2013-12-08,Jagermeister,4805.375,114070.4,1
2013-12-08,Seagrams,8631.075,101825.06,19
2013-12-08,Smirnoff,11875.875,178647.85,9
2013-12-15,Absolut,8438.47500000001,224089.390000001,6
2013-12-15,Admiral Nelson,7018.25,74082.55,1
2013-12-15,Bacardi,13733.375,185672.26,77
2013-12-15,Captain Morgan,35097.4,591070.239999999,11
2013-12-15,Crown Royal,12527.55,378883.649999999,16
2013-12-15,Jack Daniels,10935.5,290499.32,8
2013-12-15,Jagermeister,4895.125,117190.16,9
2013-12-15,Seagrams,12519.425,147077.1,10
2013-12-15,Smirnoff,13415.975,204563.25,11
2013-12-22,Absolut,5694.4,140134.77,6
2013-12-22,Admiral Nelson,4504.875,47821.05,3
2013-12-22,Bacardi,9584.3,132747.46,7
2013-12-22,Captain Morgan,20180.15,341791.69,9
2013-12-22,Crown Royal,7714.55000000001,231081.63,25
2013-12-22,Jack Daniels,7600.15,201874.31,12
2013-12-22,Seagrams,7877.8,92486.6800000002,8
2013-12-22,Smirnoff,9363.7,142429.11,9
2013-12-29,Absolut,2157.2,58391.23,3
2013-12-29,Admiral Nelson,1985.625,21483.99,2
2013-12-29,Bacardi,5167.525,71249.45,218
2013-12-29,Captain Morgan,10281.85,172406.84,13
2013-12-29,Crown Royal,3268.95,95002.08,16
2013-12-29,Jack Daniels,3926.2,103362.18,7
2013-12-29,Jagermeister,1806.2,43280,3
2013-12-29,Seagrams,4098.5,48054.24,14
2013-12-29,Smirnoff,3910.825,60459.78,8
2014-01-05,Absolut,4985.275,108406,8
2014-01-05,Bacardi,8229.425,118647.28,216
2014-01-05,Captain Morgan,29677.025,480753.269999999,10
2014-01-05,Crown Royal,11291,326730.32,20
2014-01-05,Jack Daniels,5431.325,144477.61,4
2014-01-05,Jagermeister,3220.6,77293.4700000001,15
2014-01-05,Seagrams,7913.075,95202.19,16
2014-01-05,Smirnoff,12029.6,180363.88,6
2014-01-12,Absolut,4782.175,104460.99,5
2014-01-12,Admiral Nelson,3870.375,41318.33,3
2014-01-12,Bacardi,8600.95,120681.67,103
2014-01-12,Captain Morgan,15882.8,263863.77,17
2014-01-12,Crown Royal,4858.875,140872.75,20
2014-01-12,Jack Daniels,5675.475,146446.97,5
2014-01-12,Jagermeister,2827.5,67994.64,8
2014-01-12,Seagrams,7500.45,88923.0800000002,10
2014-01-12,Smirnoff,8847.325,137922.84,6
2014-01-19,Absolut,5700.1,118735.17,6
2014-01-19,Admiral Nelson,5047.625,53836.4,1
2014-01-19,Bacardi,7967.2,113789.23,4
2014-01-19,Captain Morgan,18765.5,305925.66,11
2014-01-19,Crown Royal,4822.175,139408.2,18
2014-01-19,Jack Daniels,4883.725,128656.34,7
2014-01-19,Jagermeister,3756.525,89592.6000000001,1
2014-01-19,Seagrams,7688.975,89486.1400000001,10
2014-01-19,Smirnoff,7314.975,112920.96,4
2014-01-26,Absolut,9030.9,174986.45,6
2014-01-26,Admiral Nelson,5091.75,54072.69,3
2014-01-26,Bacardi,9305.675,128464.19,9
2014-01-26,Captain Morgan,20711.375,339958.86,24
2014-01-26,Crown Royal,14708.625,417302.23,25
2014-01-26,Jack Daniels,8419.95,213785.78,7
2014-01-26,Jagermeister,4082.25,97313.4700000001,11
2014-01-26,Seagrams,11073.525,119860.05,15
2014-01-26,Smirnoff,10549.525,151824.1,16
2014-02-02,Absolut,5299.9,117454.3,7
2014-02-02,Admiral Nelson,3817.375,40588.07,2
2014-02-02,Bacardi,7434.775,104438.43,26
2014-02-02,Captain Morgan,13882.225,234632.1,18
2014-02-02,Crown Royal,5589.3,163908.86,26
2014-02-02,Jack Daniels,6658.575,175489.1,8
2014-02-02,Jagermeister,2868.775,68514.03,10
2014-02-02,Seagrams,7567.55,92507.6800000002,11
2014-02-02,Smirnoff,7106.075,109560.81,6
2014-02-09,Absolut,6994.2,152736.9,3
2014-02-09,Admiral Nelson,3868,41506.53,2
2014-02-09,Bacardi,10197.35,140367.12,5
2014-02-09,Captain Morgan,21753.175,366352.48,17
2014-02-09,Crown Royal,7641.45000000001,221926.6,28
2014-02-09,Jack Daniels,7495.825,197672.01,8
2014-02-09,Jagermeister,3640.55,87199.0700000001,3
2014-02-09,Seagrams,7983.175,96100.1500000002,55
2014-02-09,Smirnoff,10318.425,157204.51,8
2014-02-16,Absolut,4741.35,104460.58,3
2014-02-16,Admiral Nelson,3551.375,37820.03,2
2014-02-16,Bacardi,7644.45,106416.73,11
2014-02-16,Captain Morgan,14147.475,241188.99,21
2014-02-16,Crown Royal,5535.62500000001,161344.89,22
2014-02-16,Jack Daniels,5493.575,146572,10
2014-02-16,Jagermeister,3817.775,90935.1700000001,3
2014-02-16,Seagrams,7286.4,87988.9300000001,32
2014-02-16,Smirnoff,7110.75,110246.5,6
2014-02-23,Admiral Nelson,4480.5,47301.11,1
2014-02-23,Bacardi,7682,107009.05,17
2014-02-23,Captain Morgan,19675.425,325840.23,12
2014-02-23,Crown Royal,5146.875,150429.27,9
2014-02-23,Jack Daniels,4900.6,130122.4,16
2014-02-23,Jagermeister,3325.025,79705.0800000001,20
2014-02-23,Seagrams,7937.9,96535.6800000001,17
2014-02-23,Smirnoff,9393.85,137995.57,6
2014-03-02,Absolut,6126.075,127088.76,2
2014-03-02,Admiral Nelson,9143.25,95594.8499999999,3
2014-03-02,Bacardi,7537.525,105423.57,6
2014-03-02,Captain Morgan,22911.85,373286.82,20
2014-03-02,Crown Royal,5626.55,162710.87,15
2014-03-02,Jack Daniels,8800.125,228651.05,17
2014-03-02,Jagermeister,3557.275,85370.2000000001,22
2014-03-02,Seagrams,7689.35,91777.7900000002,24
2014-03-02,Smirnoff,8640.975,128180.08,8
2014-03-09,Absolut,4853.5,106162.13,11
2014-03-09,Admiral Nelson,8321,87477.4999999998,2
2014-03-09,Bacardi,8421.125,115795.19,30
2014-03-09,Captain Morgan,18546.325,312615.63,53
2014-03-09,Crown Royal,5410.17500000001,156832.72,11
2014-03-09,Jack Daniels,9468.625,248226.19,14
2014-03-09,Jagermeister,4314.1,102872.12,36
2014-03-09,Seagrams,7858.475,95001.32,24
2014-03-09,Smirnoff,7284.1,110832.29,4
2014-03-16,Absolut,5661.95,123662.98,6
2014-03-16,Admiral Nelson,4834.75,50842.7999999999,2
2014-03-16,Bacardi,7296.45,101102.1,3
2014-03-16,Captain Morgan,16916.425,285395.85,21
2014-03-16,Crown Royal,4636.875,134530.97,10
2014-03-16,Jack Daniels,5481.425,144835.14,35
2014-03-16,Jagermeister,3543.225,84679.3200000001,11
2014-03-16,Seagrams,7838.025,94684.34,28
2014-03-16,Smirnoff,7825.45,119605.66,6
2014-03-23,Absolut,4297.3,94223.4800000001,5
2014-03-23,Admiral Nelson,3978.75,41831.12,2
2014-03-23,Bacardi,7063.45,97574.2,4
2014-03-23,Captain Morgan,14559.35,245481.88,29
2014-03-23,Crown Royal,4928.125,142008.19,14
2014-03-23,Jack Daniels,5207.2,138375.33,15
2014-03-23,Jagermeister,3889.475,92846.9400000001,11
2014-03-23,Seagrams,7155.7,85889.96,33
2014-03-23,Smirnoff,6916.2,106968.46,3
2014-03-30,Absolut,5729.125,124560.7,5
2014-03-30,Admiral Nelson,5112,53602.56,2
2014-03-30,Bacardi,8029.825,112559.71,10
2014-03-30,Captain Morgan,21682.225,361853.27,50
2014-03-30,Crown Royal,6114.77500000001,176285.59,14
2014-03-30,Jack Daniels,10078.85,270962.4,34
2014-03-30,Jagermeister,3311.125,78991.58,8
2014-03-30,Seagrams,7550.125,90889.8900000001,21
2014-03-30,Smirnoff,11783.075,173234.44,2
2014-04-06,Absolut,6015.025,131871.05,7
2014-04-06,Admiral Nelson,6715.875,70133.88,3
2014-04-06,Bacardi,8701.075,124180.02,7
2014-04-06,Captain Morgan,27347.05,448586,19
2014-04-06,Crown Royal,9154.9,266134.88,11
2014-04-06,Jack Daniels,14010.45,366933.21,30
2014-04-06,Jagermeister,3436.9,82238.73,26
2014-04-06,Seagrams,8163.775,98489.7500000001,22
2014-04-06,Smirnoff,13900.9,202409.92,7
2014-04-13,Absolut,6194.275,129489.38,10
2014-04-13,Admiral Nelson,3589,38466.72,3
2014-04-13,Bacardi,8857.625,124776.26,11
2014-04-13,Captain Morgan,17356.3,292397.04,13
2014-04-13,Crown Royal,5672.875,163280.3,16
2014-04-13,Jack Daniels,6282.7,165268.62,15
2014-04-13,Jagermeister,4080.75,97146.4200000001,13
2014-04-13,Seagrams,9237.975,110423.66,24
2014-04-13,Smirnoff,7882.85,120323.85,15
2014-04-20,Absolut,5576.925,120472.69,5
2014-04-20,Admiral Nelson,4077.5,43331.77,3
2014-04-20,Bacardi,8086.85,114917.93,4
2014-04-20,Captain Morgan,19543.775,325526.01,15
2014-04-20,Crown Royal,6372.12500000001,185861.87,9
2014-04-20,Jack Daniels,8345.625,219093.52,18
2014-04-20,Jagermeister,3226.975,77423.0100000001,21
2014-04-20,Seagrams,8003.125,96219.1600000002,29
2014-04-20,Smirnoff,9027.35,138567.08,12
2014-04-27,Absolut,6481.425,136038.97,3
2014-04-27,Admiral Nelson,5517,57853.23,2
2014-04-27,Bacardi,10427.425,147024.18,12
2014-04-27,Captain Morgan,19713.85,327175.22,36
2014-04-27,Crown Royal,6512.82500000001,187901.31,16
2014-04-27,Jack Daniels,11848.75,309280.84,9
2014-04-27,Jagermeister,3311.5,79541.0200000001,21
2014-04-27,Seagrams,8801.5,103479.43,26
2014-04-27,Smirnoff,10910.15,165775.13,12
2014-05-04,Absolut,7775.125,156913.96,3
2014-05-04,Admiral Nelson,5450.75,57666.28,3
2014-05-04,Bacardi,15293.775,214341.25,7
2014-05-04,Captain Morgan,16017.125,268927.21,31
2014-05-04,Crown Royal,6331.37500000001,181116.43,13
2014-05-04,Jack Daniels,4438.875,120991.09,36
2014-05-04,Jagermeister,6416.325,152019.68,21
2014-05-04,Seagrams,7279.175,86976.4900000002,16
2014-05-04,Smirnoff,8203.025,124240.46,10
2014-05-11,Absolut,6824.875,139319.3,7
2014-05-11,Admiral Nelson,5024.75,52735.0199999999,3
2014-05-11,Bacardi,10538.375,148225.8,12
2014-05-11,Captain Morgan,17255.825,289309.51,18
2014-05-11,Crown Royal,4835.225,140930.73,15
2014-05-11,Jack Daniels,4570.775,125390.82,23
2014-05-11,Jagermeister,3726.8,89434.6200000001,26
2014-05-11,Seagrams,9245.175,109156.96,28
2014-05-11,Smirnoff,8860.2,133523.2,10
2014-05-18,Absolut,9468.875,193076.17,1
2014-05-18,Admiral Nelson,5775.75,60685.5499999999,3
2014-05-18,Bacardi,13504.25,184247.68,30
2014-05-18,Captain Morgan,26689.725,439537.81,20
2014-05-18,Crown Royal,8402.75,240767.14,8
2014-05-18,Jack Daniels,6560,178916.14,7
2014-05-18,Jagermeister,4684.1,111819.67,42
2014-05-18,Seagrams,10864.9,128740.84,14
2014-05-18,Smirnoff,12773.25,187811.81,14
2014-05-25,Admiral Nelson,2756.375,29411.79,2
2014-05-25,Bacardi,8432.8,117513.31,12
2014-05-25,Captain Morgan,16661.325,263308.23,28
2014-05-25,Crown Royal,4805.125,138502.11,11
2014-05-25,Jack Daniels,3145.4,86031.69,4
2014-05-25,Jagermeister,2502.25,59943.11,37
2014-05-25,Seagrams,6169.425,74448.97,8
2014-05-25,Smirnoff,11403.225,155308.66,8
2014-06-01,Absolut,7173.125,147328.79,1
2014-06-01,Admiral Nelson,4738.75,50431.59,3
2014-06-01,Bacardi,10003.7,142080.37,9
2014-06-01,Captain Morgan,23251.9,385121.889999999,18
2014-06-01,Crown Royal,7349.77500000001,222910.41,15
2014-06-01,Jack Daniels,6105.5,167201.17,6
2014-06-01,Jagermeister,3360.875,81546.5800000002,23
2014-06-01,Seagrams,8121.075,98986.1300000002,12
2014-06-01,Smirnoff,12394.05,185709.31,4
2014-06-08,Absolut,9589.45000000001,186053.97,2
2014-06-08,Admiral Nelson,4540.25,48323.1,3
2014-06-08,Bacardi,8857.25,126682.96,14
2014-06-08,Captain Morgan,22712.275,372882.59,23
2014-06-08,Crown Royal,13025.7,371566.41,10
2014-06-08,Jack Daniels,8055.95,217830.72,4
2014-06-08,Jagermeister,3110.05,74829.1300000001,21
2014-06-08,Seagrams,8859.925,107369.99,10
2014-06-08,Smirnoff,12285.3,180819.27,12
2014-06-15,Absolut,7133.775,146609.77,2
2014-06-15,Admiral Nelson,4992,52860.29,3
2014-06-15,Bacardi,9159.475,131575.42,14
2014-06-15,Captain Morgan,20846.05,347830.97,22
2014-06-15,Crown Royal,5155.65,151653.2,8
2014-06-15,Jack Daniels,5309.2,146882.64,9
2014-06-15,Jagermeister,2954.75,70970.9500000001,5
2014-06-15,Seagrams,8167,97827.2800000002,9
2014-06-15,Smirnoff,9569.225,146929.55,5
2014-06-22,Absolut,17460,350002.06,1
2014-06-22,Admiral Nelson,6713.25,70535.65,3
2014-06-22,Bacardi,12966.6,183841.26,18
2014-06-22,Captain Morgan,41000.225,668915.159999999,29
2014-06-22,Crown Royal,17976.175,511650.549999999,4
2014-06-22,Jack Daniels,11718.125,318738.87,15
2014-06-22,Jagermeister,4528.875,109186.37,10
2014-06-22,Seagrams,10128.4,121295.91,64
2014-06-22,Smirnoff,24597.425,347622.61,9
2014-06-29,Absolut,5183.6,105961.08,2
2014-06-29,Admiral Nelson,3427.875,36218.76,3
2014-06-29,Bacardi,7415.8,105054.99,20
2014-06-29,Captain Morgan,13257.475,224396.91,20
2014-06-29,Crown Royal,2994.9,88538.7700000001,4
2014-06-29,Jack Daniels,4880.9,132414.95,6
2014-06-29,Jagermeister,2807.775,67531.0700000001,13
2014-06-29,Seagrams,6555.15,77688.39,25
2014-06-29,Smirnoff,6449.825,98298.63,11
2014-07-06,Admiral Nelson,3840.875,40808.22,3
2014-07-06,Bacardi,10934.4,157109.98,23
2014-07-06,Captain Morgan,16621.325,281057.84,21
2014-07-06,Crown Royal,5089.5,148555.11,13
2014-07-06,Jack Daniels,8194.9,219570.7,7
2014-07-06,Jagermeister,3460.975,83537.3300000001,28
2014-07-06,Seagrams,10546.9,122741.96,62
2014-07-13,Absolut,6837.175,138692.12,3
2014-07-13,Admiral Nelson,4285.5,45413.4399999999,3
2014-07-13,Bacardi,9417.225,135124.74,12
2014-07-13,Captain Morgan,21868.975,360620.1,21
2014-07-13,Crown Royal,5321.15,154315.25,12
2014-07-13,Jack Daniels,6515.975,177450.05,4
2014-07-13,Jagermeister,3606.375,86390.19,22
2014-07-13,Seagrams,13500.5,153759.24,24
2014-07-13,Smirnoff,10795.75,163326.58,8
2014-07-20,Absolut,6617.85,136975.39,6
2014-07-20,Admiral Nelson,4280.125,45428.6399999999,2
2014-07-20,Bacardi,9829.275,138848.42,7
2014-07-20,Captain Morgan,16790.025,285080.98,19
2014-07-20,Crown Royal,4584.95,133694.34,10
2014-07-20,Jack Daniels,5735.625,156474.56,6
2014-07-20,Jagermeister,3461.7,83028.9200000001,14
2014-07-20,Seagrams,7003.375,85260.12,7
2014-07-20,Smirnoff,8844.15,135692.78,3
2014-07-27,Absolut,8264.575,167032,2
2014-07-27,Admiral Nelson,4604.125,48553.31,4
2014-07-27,Bacardi,8774.8,124703.66,15
2014-07-27,Captain Morgan,18254.95,303630.78,22
2014-07-27,Crown Royal,4913.90000000001,142849.41,12
2014-07-27,Jack Daniels,6732.4,183933.89,4
2014-07-27,Jagermeister,3356.225,80696.7700000001,14
2014-07-27,Seagrams,7811.85,93445.31,7
2014-08-03,Absolut,8909.5,191171.82,5
2014-08-03,Admiral Nelson,7051,73953.56,4
2014-08-03,Bacardi,15808.475,217234.87,18
2014-08-03,Captain Morgan,15903.25,269879.97,14
2014-08-03,Crown Royal,5574.85000000001,164380.61,7
2014-08-03,Jack Daniels,6968.225,188313.5,22
2014-08-03,Jagermeister,4256.375,101360.19,10
2014-08-03,Seagrams,7914.15,96212.2600000001,6
2014-08-03,Smirnoff,9200.075,142004,2
2014-08-10,Absolut,12114.9,255843.2,12
2014-08-10,Admiral Nelson,5858.375,61034.36,2
2014-08-10,Bacardi,10897.425,148962.66,15
2014-08-10,Captain Morgan,15463.675,263304.55,23
2014-08-10,Crown Royal,5666.925,166731.97,9
2014-08-10,Jack Daniels,6395.275,174044.09,3
2014-08-10,Jagermeister,4034.525,96615.1500000001,25
2014-08-10,Seagrams,7142.725,86562.27,8
2014-08-10,Smirnoff,8688.825,134851.56,5
2014-08-17,Absolut,5733.25,124605.05,6
2014-08-17,Admiral Nelson,5044.75,53179.2400000001,3
2014-08-17,Bacardi,12175.725,166812.29,10
2014-08-17,Captain Morgan,14871.725,255800.16,17
2014-08-17,Crown Royal,5507.475,162088.43,5
2014-08-17,Jack Daniels,6037.1,165559.55,2
2014-08-17,Jagermeister,4349.025,104735.15,4
2014-08-17,Seagrams,7631.5,93392.6100000001,6
2014-08-17,Smirnoff,8175.075,126699.42,2
2014-08-24,Absolut,9336.90000000001,202831.48,2
2014-08-24,Admiral Nelson,8212.85,86220.93,3
2014-08-24,Bacardi,12075.975,170344.56,4
2014-08-24,Captain Morgan,22257.8,381415.76,19
2014-08-24,Crown Royal,6270.8,185152.49,6
2014-08-24,Jack Daniels,8334.225,226356.95,13
2014-08-24,Jagermeister,5877.65,140816.86,11
2014-08-24,Seagrams,9017.175,107897.1,7
2014-08-24,Smirnoff,12787.25,196995.4,9
2014-08-31,Absolut,4216.05,92487.8000000001,4
2014-08-31,Admiral Nelson,4166.25,44097.02,3
2014-08-31,Bacardi,6814.65,100759.52,2
2014-08-31,Captain Morgan,16102.25,272495.98,22
2014-08-31,Crown Royal,4628.375,137649.18,6
2014-08-31,Jagermeister,2607.675,62216.92,14
2014-08-31,Seagrams,5207.575,62702.9099999999,5
2014-08-31,Smirnoff,11527.925,168832.23,5
2014-09-07,Absolut,7425.75,154079.41,15
2014-09-07,Admiral Nelson,6254,65624.45,3
2014-09-07,Bacardi,10846.6,157813.54,24
2014-09-07,Captain Morgan,27496.675,453119.97,16
2014-09-07,Crown Royal,7656.80000000001,228683.68,19
2014-09-07,Jack Daniels,9798.425,266082.26,1
2014-09-07,Jagermeister,4217.45,101575.32,23
2014-09-07,Seagrams,7883.55,94141.9600000001,13
2014-09-07,Smirnoff,13539.125,198144.93,4
2014-09-14,Absolut,7707.225,157127.8,16
2014-09-14,Admiral Nelson,6150.5,64740.84,3
2014-09-14,Bacardi,8917.65,128917.9,8
2014-09-14,Captain Morgan,19540.9,329418.050000001,28
2014-09-14,Crown Royal,7643.60000000001,226535.44,11
2014-09-14,Jack Daniels,10478.675,277028.58,14
2014-09-14,Jagermeister,3532.875,84069.0200000001,9
2014-09-14,Seagrams,6977.525,84078.4,10
2014-09-14,Smirnoff,10341.85,154888.13,7
2014-09-21,Absolut,5103.75,111302.72,7
2014-09-21,Admiral Nelson,4561.625,47970.33,2
2014-09-21,Bacardi,6187.7,92000.3599999999,33
2014-09-21,Captain Morgan,20752.125,349101.1,18
2014-09-21,Crown Royal,6361,189756.64,9
2014-09-21,Jack Daniels,6966.05,190711.27,3
2014-09-21,Jagermeister,3716.55,89480.1200000002,11
2014-09-21,Seagrams,6562.25,80013.5900000001,8
2014-09-21,Smirnoff,11103.025,173082.62,7
2014-09-28,Absolut,5903.375,128823.56,21
2014-09-28,Admiral Nelson,4896.375,51642.21,3
2014-09-28,Bacardi,10271.55,145091.47,12
2014-09-28,Captain Morgan,26392.05,444765.98,12
2014-09-28,Crown Royal,13716.15,408870.83,9
2014-09-28,Jack Daniels,10663.4,287017.12,8
2014-09-28,Jagermeister,6970.075,167537.73,19
2014-09-28,Seagrams,7878.75,94505.22,6
2014-09-28,Smirnoff,13226.45,200476.74,4
2014-10-05,Absolut,6874.6,150384.55,4
2014-10-05,Admiral Nelson,6105.625,64067.23,3
2014-10-05,Bacardi,16784.875,224280.66,10
2014-10-05,Captain Morgan,22122.25,373549.2,7
2014-10-05,Crown Royal,11183.225,331783.19,11
2014-10-05,Jack Daniels,9993.875,271448.860000001,11
2014-10-05,Jagermeister,3951.075,94401.9100000001,4
2014-10-05,Seagrams,7047.1,86073.7999999999,8
2014-10-05,Smirnoff,11140.45,166383.06,7
2014-10-12,Absolut,6513.85,135774.42,5
2014-10-12,Admiral Nelson,4275.5,45062.45,3
2014-10-12,Bacardi,14055.025,191111.34,14
2014-10-12,Captain Morgan,27895.45,463148.9,8
2014-10-12,Crown Royal,13920.3,404336.51,6
2014-10-12,Jack Daniels,9313.375,250922.29,5
2014-10-12,Jagermeister,3885.7,93111.9400000002,3
2014-10-12,Seagrams,8370.85,100420.47,7
2014-10-12,Smirnoff,17714,252031.07,9
2014-10-19,Absolut,7756.925,163101.89,5
2014-10-19,Admiral Nelson,5588.75,59244.4800000001,3
2014-10-19,Bacardi,10672.45,146293.75,5
2014-10-19,Captain Morgan,16810.05,289111.76,12
2014-10-19,Crown Royal,7780.40000000001,231373.16,13
2014-10-19,Jack Daniels,7373.7,194143.09,20
2014-10-19,Jagermeister,4259.1,103128.89,11
2014-10-19,Seagrams,7629.025,91212.1700000001,9
2014-10-19,Smirnoff,9803.525,149026.36,6
2014-10-26,Absolut,5390.275,118322.99,6
2014-10-26,Admiral Nelson,5316.625,55820.8800000001,2
2014-10-26,Bacardi,16520.7,221512.11,59
2014-10-26,Captain Morgan,21215.875,357121.85,14
2014-10-26,Crown Royal,10661.5,314344.23,12
2014-10-26,Jack Daniels,7641.925,207838.89,6
2014-10-26,Jagermeister,4497.15,108224.34,11
2014-10-26,Seagrams,7998.9,95470.14,8
2014-10-26,Smirnoff,9652.05,149779.36,7
2014-11-02,Absolut,11332.5,236861.41,2
2014-11-02,Admiral Nelson,6002.875,63180.9,3
2014-11-02,Bacardi,8920.075,131345.01,19
2014-11-02,Captain Morgan,20552.825,350085.53,3
2014-11-02,Crown Royal,8145.85000000001,241628.23,6
2014-11-02,Jack Daniels,8774.25,233228.87,15
2014-11-02,Jagermeister,6678.75,160049.36,7
2014-11-02,Seagrams,13988.575,160332.54,7
2014-11-02,Smirnoff,11113.875,167676.59,5
2014-11-09,Absolut,6837.65,141639.17,3
2014-11-09,Admiral Nelson,3765,39949.24,2
2014-11-09,Bacardi,4774.475,70359.98,3
2014-11-09,Captain Morgan,12943.45,219487.8,4
2014-11-09,Crown Royal,5152.2,149695.36,10
2014-11-09,Jack Daniels,5921.6,158650.1,14
2014-11-09,Jagermeister,3392.5,81371.59,8
2014-11-09,Seagrams,9376.8,106464.65,10
2014-11-09,Smirnoff,6251.025,94828.1299999999,7
2014-11-16,Absolut,10265.55,224227.66,2
2014-11-16,Admiral Nelson,9477.75,99349.93,3
2014-11-16,Bacardi,11779.625,171101.52,3
2014-11-16,Captain Morgan,27420.975,468282.89,5
2014-11-16,Crown Royal,13962.275,413431.630000001,5
2014-11-16,Jack Daniels,12238.725,329013.060000001,8
2014-11-16,Jagermeister,5317.325,127752.75,4
2014-11-16,Seagrams,12328.65,148978.4,10
2014-11-16,Smirnoff,13306.575,205061.65,8
2014-11-23,Admiral Nelson,2201.375,22806.59,2
2014-11-23,Bacardi,3321.525,49483.11,6
2014-11-23,Captain Morgan,8464.5,145143.27,19
2014-11-23,Crown Royal,3460.05,102523.39,9
2014-11-23,Jack Daniels,2934,79782.52,10
2014-11-23,Jagermeister,1733.15,41365.81,6
2014-11-23,Seagrams,3586.675,44018.68,9
2014-11-23,Smirnoff,3726.225,57703.17,8
2014-11-30,Absolut,6930.1,152172.17,2
2014-11-30,Admiral Nelson,6707,70599.9300000001,2
2014-11-30,Bacardi,10244.725,146651.16,5
2014-11-30,Captain Morgan,25818.1,439880.67,14
2014-11-30,Crown Royal,10152.175,302528.33,10
2014-11-30,Jack Daniels,13870.05,370405.84,7
2014-11-30,Jagermeister,5876.5,139333.13,15
2014-11-30,Seagrams,9785.7,118525.65,5
2014-11-30,Smirnoff,10816.2,164629.97,3
2014-12-07,Absolut,8330.325,177999.22,1
2014-12-07,Admiral Nelson,6064.5,64208.9500000001,3
2014-12-07,Bacardi,10617.325,151174.72,7
2014-12-07,Captain Morgan,26887.15,451588.02,9
2014-12-07,Crown Royal,17221.325,509447.310000001,6
2014-12-07,Jack Daniels,9279.1,254393.1,11
2014-12-07,Jagermeister,3220.6,77211.8500000001,12
2014-12-07,Seagrams,10834.875,126839.26,3
2014-12-07,Smirnoff,12810.35,193419.21,5
2014-12-14,Absolut,11483.675,234968.12,5
2014-12-14,Admiral Nelson,7169.625,75467.46,2
2014-12-14,Bacardi,12710.45,182006.51,5
2014-12-14,Captain Morgan,30032.075,514522.11,7
2014-12-14,Crown Royal,17216.4,512263.340000001,5
2014-12-14,Jack Daniels,13932.325,379463.63,2
2014-12-14,Jagermeister,4172.7,100803.3,14
2014-12-14,Seagrams,12257.525,148051.61,6
2014-12-14,Smirnoff,12057.775,186818.35,5
2014-12-21,Absolut,5651.225,121127.46,2
2014-12-21,Admiral Nelson,5599.625,59052.1,2
2014-12-21,Bacardi,8697.675,125409.89,7
2014-12-21,Captain Morgan,21195.025,361935.51,7
2014-12-21,Crown Royal,12296.9,369437.35,9
2014-12-21,Jack Daniels,9748.95,264480.700000001,7
2014-12-21,Jagermeister,3782.65,90681.3800000002,8
2014-12-21,Seagrams,7458.925,89144.7600000001,7
2014-12-21,Smirnoff,9391.2,144877.72,6
2014-12-28,Absolut,3855.925,84218.0900000001,3
2014-12-28,Admiral Nelson,2893.625,30244.37,1
2014-12-28,Bacardi,5603.975,81291.92,9
2014-12-28,Captain Morgan,12675.925,214078.98,1
2014-12-28,Crown Royal,5735.3,172891.25,6
2014-12-28,Jack Daniels,6138.975,168000.95,6
2014-12-28,Jagermeister,2630.625,62515.47,12
2014-12-28,Seagrams,4189.1,49516.01,9
2014-12-28,Smirnoff,4708.125,73160.2999999999,1
2015-01-04,Absolut,6345.1,140824.12,6
2015-01-04,Admiral Nelson,5238.625,55731.77,3
2015-01-04,Bacardi,7913.1,115993.39,9
2015-01-04,Captain Morgan,18557.675,316810.48,2
2015-01-04,Crown Royal,7602.30000000001,223882.18,7
2015-01-04,Jack Daniels,6152.2,169380.64,8
2015-01-04,Jagermeister,3399.275,82387.6700000001,2
2015-01-04,Seagrams,7798.575,94591.5300000001,7
2015-01-04,Smirnoff,9680.375,152292.83,3
2015-01-11,Absolut,4919.575,108021.53,3
2015-01-11,Admiral Nelson,5438.125,57537.24,3
2015-01-11,Bacardi,7075.15,104973.68,6
2015-01-11,Captain Morgan,17100.875,293476.02,3
2015-01-11,Crown Royal,7590.07500000001,223197.68,7
2015-01-11,Jack Daniels,5417.475,148500.22,8
2015-01-11,Jagermeister,3116.05,74800.83,8
2015-01-11,Seagrams,8724.85,106160.94,4
2015-01-11,Smirnoff,9942.675,153028.7,1
2015-01-18,Absolut,3734.6,82424.0200000001,6
2015-01-18,Admiral Nelson,3775.5,39778.11,3
2015-01-18,Bacardi,4953.625,74433.84,8
2015-01-18,Captain Morgan,12049.625,205321.48,1
2015-01-18,Crown Royal,4959.1,145803.93,1
2015-01-18,Jack Daniels,3836.15,104678.65,4
2015-01-18,Jagermeister,2094.25,49984.31,5
2015-01-18,Seagrams,5547,67162.98,3
2015-01-18,Smirnoff,6861.55,103115.44,6
2015-01-25,Absolut,5572.025,122352.61,4
2015-01-25,Admiral Nelson,5544,58602.05,2
2015-01-25,Bacardi,8372.375,122065.2,7
2015-01-25,Captain Morgan,17857.4,306611.91,2
2015-01-25,Crown Royal,6238.625,180763.56,1
2015-01-25,Jack Daniels,5383.5,146886.82,4
2015-01-25,Jagermeister,3090.975,74352.68,14
2015-01-25,Seagrams,7599.675,91976.73,7
2015-01-25,Smirnoff,10358.2,154346.64,3
2015-02-01,Absolut,7164.375,157653.96,4
2015-02-01,Admiral Nelson,9045.875,93705.3099999999,4
2015-02-01,Bacardi,8203.475,117342.44,6
2015-02-01,Captain Morgan,23513.85,397989.01,3
2015-02-01,Crown Royal,7686.25000000001,225556.51,6
2015-02-01,Jack Daniels,6874.375,186579.48,3
2015-02-01,Jagermeister,2854.15,68324.1700000001,32
2015-02-01,Seagrams,7009.275,85443.7600000001,5
2015-02-01,Smirnoff,7364.3,114816.29,5
2015-02-08,Absolut,7459.1,166430.49,7
2015-02-08,Admiral Nelson,6300.375,66218.33,3
2015-02-08,Bacardi,11514.85,161531.81,4
2015-02-08,Captain Morgan,27506.1,457127.06,1
2015-02-08,Crown Royal,11019.95,327462.72,5
2015-02-08,Jack Daniels,12021.3,323965.250000001,1
2015-02-08,Jagermeister,3032.675,72437.6,7
2015-02-08,Seagrams,7474.625,90478.51,2
2015-02-08,Smirnoff,7191.1,111111.45,5
2015-02-15,Absolut,5740.35,125829.2,6
2015-02-15,Admiral Nelson,4361.875,46329.93,3
2015-02-15,Bacardi,10021.725,141148.95,5
2015-02-15,Captain Morgan,21348.475,363236.82,4
2015-02-15,Crown Royal,9326.40000000001,275163.77,7
2015-02-15,Jack Daniels,7545.125,207486.43,6
2015-02-15,Jagermeister,3180.2,76109.04,7
2015-02-15,Seagrams,7190.825,86579.8899999999,9
2015-02-15,Smirnoff,7985.3,124528.35,4
2015-02-22,Absolut,4994.675,109961.56,5
2015-02-22,Admiral Nelson,4999.375,52454.77,3
2015-02-22,Bacardi,8009.55,112564.44,5
2015-02-22,Captain Morgan,17750.575,306321.88,2
2015-02-22,Crown Royal,6768.47500000001,198389.7,9
2015-02-22,Jack Daniels,6380.25,173581.14,2
2015-02-22,Jagermeister,3175.625,76318.6500000001,15
2015-02-22,Seagrams,7066.425,83635.1499999999,4
2015-02-22,Smirnoff,6946.675,108487.15,2
2015-03-01,Absolut,4794.425,104790.12,6
2015-03-01,Admiral Nelson,4452.25,47405.57,3
2015-03-01,Bacardi,5815.025,83230.41,3
2015-03-01,Captain Morgan,21909.125,369060.88,1
2015-03-01,Crown Royal,7894.05000000001,232424.58,3
2015-03-01,Jack Daniels,8010.475,219091.42,1
2015-03-01,Jagermeister,4151.825,99006.1900000001,14
2015-03-01,Seagrams,8901.375,104130.38,3
2015-03-01,Smirnoff,10117.425,152612.05,2
2015-03-08,Absolut,4390.925,95545.5600000002,4
2015-03-08,Admiral Nelson,4101.375,43258.33,3
2015-03-08,Bacardi,6798.35,97594.74,4
2015-03-08,Captain Morgan,19031.05,324341.87,2
2015-03-08,Crown Royal,10070.05,297520.47,8
2015-03-08,Jack Daniels,10780.15,292802.04,4
2015-03-08,Jagermeister,3685.675,87829.8400000001,31
2015-03-08,Seagrams,8476.725,100732.43,2
2015-03-08,Smirnoff,8245.85,126671.96,4
2015-03-15,Absolut,7856.625,172185.3,6
2015-03-15,Admiral Nelson,4131.75,43937.16,3
2015-03-15,Bacardi,6375.35,92847.14,9
2015-03-15,Captain Morgan,26180.15,446253.49,16
2015-03-15,Crown Royal,14745.75,428527.63,3
2015-03-15,Jack Daniels,9428.4,251107.6,1
2015-03-15,Jagermeister,5922.8,139926.82,18
2015-03-15,Seagrams,11244.5,129556.44,3
2015-03-15,Smirnoff,12723.25,186935.72,3
2015-03-22,Absolut,4670.225,102725.96,5
2015-03-22,Admiral Nelson,3700.25,39081.93,3
2015-03-22,Bacardi,6027.65,86766.16,3
2015-03-22,Captain Morgan,18517.6,312048.08,7
2015-03-22,Crown Royal,7744.75000000001,229793.56,3
2015-03-22,Jagermeister,2772.425,66578.92,33
2015-03-22,Seagrams,7807.05,91540.84,2
2015-03-22,Smirnoff,10579.65,158415.19,2
2015-03-29,Absolut,5251.275,115977.47,8
2015-03-29,Admiral Nelson,5910.5,61770.3700000001,2
2015-03-29,Bacardi,7853.2,115213.95,1
2015-03-29,Captain Morgan,18392.25,310184.29,2
2015-03-29,Crown Royal,7138.12500000001,211315.97,4
2015-03-29,Jack Daniels,5999.9,162891.15,1
2015-03-29,Jagermeister,3460.95,83130.94,32
2015-03-29,Seagrams,7676.325,91812.18,2
2015-03-29,Smirnoff,9412.425,144940.03,4
2015-04-05,Absolut,5157.9,113671.48,4
2015-04-05,Admiral Nelson,8965,92335.2199999999,3
2015-04-05,Bacardi,7664.05,111859.85,3
2015-04-05,Captain Morgan,17067.625,287992.74,2
2015-04-05,Crown Royal,8769.70000000001,257913.61,2
2015-04-05,Jack Daniels,7781.125,210707.34,1
2015-04-05,Jagermeister,2748.625,65983.8300000001,22
2015-04-05,Seagrams,6789.3,81503.58,1
2015-04-05,Smirnoff,9023.925,136254.46,3
2015-04-12,Absolut,5892.55,128860.33,4
2015-04-12,Admiral Nelson,7094.5,74045.8,3
2015-04-12,Bacardi,9423.475,137908.21,2
2015-04-12,Captain Morgan,15609.225,265121.26,4
2015-04-12,Crown Royal,6201.62500000001,183115.12,4
2015-04-12,Jagermeister,3167.15,76131.46,22
2015-04-12,Seagrams,7763.025,93987.35,1
2015-04-12,Smirnoff,8537.6,130457.1,3
2015-04-19,Absolut,5888.6,128824.05,8
2015-04-19,Admiral Nelson,4282.5,45434.97,3
2015-04-19,Bacardi,7974.9,117493.58,4
2015-04-19,Captain Morgan,15405.45,260798.15,4
2015-04-19,Crown Royal,6809.80000000001,200008.97,3
2015-04-19,Jagermeister,3112.825,74412.88,19
2015-04-19,Smirnoff,7773.3,118748.15,2
2015-04-26,Absolut,5910.775,129267.29,5
2015-04-26,Admiral Nelson,3250.25,35564.7,3
2015-04-26,Bacardi,12271.575,174611.87,4
2015-04-26,Captain Morgan,19438.2,327990.45,5
2015-04-26,Crown Royal,9888.55,290075.59,2
2015-04-26,Fireball,10510.325,175473.23,7
2015-04-26,Jack Daniels,24381.45,650470.78,1
2015-04-26,Jagermeister,3311.175,79331.8200000001,27
2015-04-26,Seagrams,7494.125,89370.65,3
2015-04-26,Smirnoff,10974.275,164573.34,3
2015-05-03,Absolut,8700.2,173489.17,15
2015-05-03,Admiral Nelson,7087,73560.4400000001,3
2015-05-03,Bacardi,7998.9,115150.08,8
2015-05-03,Captain Morgan,21502.85,359273.64,3
2015-05-03,Crown Royal,6601.90000000001,197228.1,5
2015-05-03,Fireball,10300.3,168004.91,50
2015-05-03,Jack Daniels,4905.475,138448.54,1
2015-05-03,Jagermeister,3057.85,73731.03,18
2015-05-03,Seagrams,8629.825,101913.01,1
2015-05-03,Smirnoff,9209.55,142737.53,3
2015-05-10,Absolut,8332.25,167747.84,5
2015-05-10,Admiral Nelson,4936.5,52074.4800000001,3
2015-05-10,Bacardi,9075.1,126809.35,8
2015-05-10,Captain Morgan,17799.55,299382.34,3
2015-05-10,Crown Royal,8652.57500000001,258125.43,4
2015-05-10,Fireball,11896.2,194622.67,43
2015-05-10,Jack Daniels,4617.475,130066.24,1
2015-05-10,Jagermeister,3601.7,86131.08,37
2015-05-10,Seagrams,8498,101571.51,1
2015-05-10,Smirnoff,9125.1,142956.9,3
2015-05-17,Absolut,14089.775,285066.54,2
2015-05-17,Admiral Nelson,6805.375,71437.6900000001,2
2015-05-17,Bacardi,11769.675,163533.4,13
2015-05-17,Captain Morgan,32471.7,552573.18,6
2015-05-17,Crown Royal,14984.95,487242.98,3
2015-05-17,Fireball,18685.85,302173.290000001,43
2015-05-17,Jack Daniels,6155.975,173069.54,1
2015-05-17,Jagermeister,4377.45,105139.29,15
2015-05-17,Smirnoff,15099.9,222541.76,5
2015-05-24,Absolut,4447.65,89550.0000000002,7
2015-05-24,Admiral Nelson,4253.675,44519.36,3
2015-05-24,Bacardi,6737.075,92392.6999999998,7
2015-05-24,Captain Morgan,13887.7,231643.15,4
2015-05-24,Crown Royal,5301.575,161605.32,5
2015-05-24,Fireball,7150.075,118505.78,31
2015-05-24,Jack Daniels,3756.775,106157.78,3
2015-05-24,Jagermeister,2369.125,56637.78,14
2015-05-24,Seagrams,5110.85,61205.9299999999,1
2015-05-24,Smirnoff,7282.95,113141.28,4
2015-05-31,Absolut,7176.85,149414.39,6
2015-05-31,Admiral Nelson,5465.85,57596.08,3
2015-05-31,Bacardi,9610.05,137966.82,24
2015-05-31,Captain Morgan,19951.475,337176.43,3
2015-05-31,Crown Royal,8756.40000000001,264725.83,6
2015-05-31,Fireball,11016.3,183353.51,26
2015-05-31,Jack Daniels,6950.1,196049.99,1
2015-05-31,Jagermeister,3896.475,93922.1500000002,13
2015-05-31,Seagrams,8483.9,101312.15,2
2015-05-31,Smirnoff,11157.45,173075.52,3
2015-06-07,Absolut,7602.97500000001,156991.44,9
2015-06-07,Admiral Nelson,5149.35,54425.1,3
2015-06-07,Bacardi,9487.45,135539.51,20
2015-06-07,Captain Morgan,17616.85,297814.6,5
2015-06-07,Crown Royal,7849.02500000001,233485.21,5
2015-06-07,Fireball,11269,184891.22,39
2015-06-07,Jagermeister,3433.775,82382.0800000001,16
2015-06-07,Smirnoff,10061.125,153363.81,4
2015-06-14,Absolut,9879.2,203654.72,82
2015-06-14,Admiral Nelson,5223.35,55120.23,3
2015-06-14,Bacardi,13930.125,198016.83,10
2015-06-14,Captain Morgan,23508.025,395794.58,4
2015-06-14,Crown Royal,11592.25,339721.69,4
2015-06-14,Fireball,15588.825,251031.99,22
2015-06-14,Jagermeister,6190.85,146782.81,13
2015-06-14,Smirnoff,14214.7,214430.56,3
2015-06-21,Absolut,14660.5,297674.210000001,79
2015-06-21,Admiral Nelson,6156.975,65019.2400000001,3
2015-06-21,Bacardi,10709.725,153192.4,7
2015-06-21,Captain Morgan,25426.125,425998.08,4
2015-06-21,Crown Royal,11742.225,350015.01,7
2015-06-21,Fireball,13854.925,229006.51,37
2015-06-21,Jagermeister,4539.4,108529.73,23
2015-06-21,Seagrams,9052.125,108867.83,1
2015-06-21,Smirnoff,14909.6,227825.17,9
2015-06-28,Absolut,6002.425,126742.5,9
2015-06-28,Admiral Nelson,4375.75,45952.02,3
2015-06-28,Bacardi,6584.2,95258.4099999999,9
2015-06-28,Captain Morgan,16723.775,279475.63,13
2015-06-28,Crown Royal,7168.30000000001,214286.58,6
2015-06-28,Fireball,8035.4,132596.16,79
2015-06-28,Jack Daniels,4863.85,136541.2,3
2015-06-28,Jagermeister,2348.875,56198.06,19
2015-06-28,Seagrams,5921.575,70241.91,2
2015-06-28,Smirnoff,8830.525,133554.15,8
2015-07-05,Absolut,8195,169418.22,5
2015-07-05,Admiral Nelson,4637.775,48856.36,3
2015-07-05,Bacardi,10793.025,153666.87,6
2015-07-05,Captain Morgan,20714,347854.36,6
2015-07-05,Crown Royal,7892.70000000001,239074.27,4
2015-07-05,Fireball,12116.675,200637.2,79
2015-07-05,Jagermeister,3189.25,76709.4300000002,12
2015-07-05,Smirnoff,11813.875,182000.45,2
2015-07-12,Absolut,7605.6,151959.36,4
2015-07-12,Admiral Nelson,4545,48342.67,3
2015-07-12,Bacardi,10030.675,144127.17,8
2015-07-12,Captain Morgan,23321.425,388015.66,8
2015-07-12,Crown Royal,8087.02500000001,239467.04,4
2015-07-12,Fireball,9288.45,155671.87,30
2015-07-12,Jagermeister,3096.65,74332.41,16
2015-07-12,Smirnoff,11938.55,179631.97,3
2015-07-19,Absolut,5999.125,123273.19,7
2015-07-19,Admiral Nelson,3703.025,39389.76,3
2015-07-19,Bacardi,8859.15,125523.55,6
2015-07-19,Captain Morgan,17799.3,300845.28,7
2015-07-19,Crown Royal,7547.70000000001,221302,4
2015-07-19,Fireball,10606.65,174218.49,29
2015-07-19,Jack Daniels,8289.7,231017.03,3
2015-07-19,Jagermeister,2859.05,68840.3000000001,18
2015-07-19,Smirnoff,11465.225,171102.11,3
2015-07-26,Absolut,10016.95,202869.27,4
2015-07-26,Admiral Nelson,4752.3,50179.48,3
2015-07-26,Bacardi,14118.775,198118.92,34
2015-07-26,Captain Morgan,26528.65,443335.73,6
2015-07-26,Crown Royal,10030.025,294926.83,3
2015-07-26,Fireball,11758,193218.26,38
2015-07-26,Jack Daniels,8736.375,240551.83,2
2015-07-26,Jagermeister,2937.275,71014.1300000001,23
2015-07-26,Smirnoff,13843.175,207876.3,3
2015-08-02,Absolut,8780.675,180793.95,5
2015-08-02,Admiral Nelson,5288.925,55844.45,3
2015-08-02,Bacardi,8918.625,126674.96,18
2015-08-02,Captain Morgan,15915.15,271706.33,1
2015-08-02,Fireball,10395.75,172477.75,22
2015-08-02,Jack Daniels,6129.8,171639.29,3
2015-08-02,Jagermeister,3451.575,82881.57,29
2015-08-02,Seagrams,8528.025,101150.07,1
2015-08-02,Smirnoff,11939.7,176727.57,6
2015-08-09,Absolut,5961.2,130572.19,2
2015-08-09,Admiral Nelson,6203.3,64770.5800000001,2
2015-08-09,Bacardi,7689.275,111275.5,5
2015-08-09,Captain Morgan,15705.05,268212.95,7
2015-08-09,Fireball,9894.42499999999,161228.9,30
2015-08-09,Jagermeister,3458.175,82311.4300000001,31
2015-08-09,Smirnoff,8310.95,127501.21,3
2015-08-16,Absolut,6128.72500000001,133098.4,4
2015-08-16,Admiral Nelson,4930.875,52615.9700000001,4
2015-08-16,Bacardi,7363.325,108379.88,6
2015-08-16,Captain Morgan,16640.1,282423.25,8
2015-08-16,Crown Royal,7221.25,214264.28,4
2015-08-16,Fireball,9262.47499999999,152408.95,30
2015-08-16,Jagermeister,3647.3,87873.9300000001,32
2015-08-16,Smirnoff,9723.775,150751.21,2
2015-08-23,Absolut,6738.2,147122.98,4
2015-08-23,Admiral Nelson,6508.75,68547.19,3
2015-08-23,Bacardi,7954.7,116018.05,6
2015-08-23,Captain Morgan,19951.375,341375.21,7
2015-08-23,Fireball,12106.575,197591.19,17
2015-08-23,Jack Daniels,9165.675,254887.86,1
2015-08-23,Jagermeister,4123.55,98884.9600000002,36
2015-08-23,Smirnoff,11661.65,176148.71,3
2015-08-30,Absolut,10288.475,225383.17,4
2015-08-30,Admiral Nelson,9545.175,99982.5399999999,3
2015-08-30,Bacardi,13681,193158.46,8
2015-08-30,Captain Morgan,29202.2,492298.56,18
2015-08-30,Crown Royal,14407.525,424299.720000001,3
2015-08-30,Fireball,17979.55,296038.56,12
2015-08-30,Jagermeister,4153.625,99890.4300000001,34
2015-08-30,Seagrams,9848.325,117287.65,4
2015-08-30,Smirnoff,14003.175,211097.38,5
2015-09-06,Absolut,4673.125,101576.09,6
2015-09-06,Admiral Nelson,3680.925,39132.18,2
2015-09-06,Bacardi,6193.75,89674.4999999998,8
2015-09-06,Captain Morgan,15090.175,253082.78,12
2015-09-06,Crown Royal,7784.8,232424.44,4
2015-09-06,Fireball,9319.34999999999,154729.24,10
2015-09-06,Jagermeister,2101.15,50304.07,28
2015-09-06,Seagrams,4685.575,56451.15,2
2015-09-06,Smirnoff,8967.5,135857.59,4
2015-09-13,Absolut,9297.05000000001,199499.910000001,5
2015-09-13,Admiral Nelson,5600.225,58996.4600000001,3
2015-09-13,Bacardi,8923.95,131209.34,5
2015-09-13,Captain Morgan,21952.325,365614.44,36
2015-09-13,Crown Royal,8838.35,261600.24,1
2015-09-13,Fireball,13755.25,227094.99,29
2015-09-13,Jack Daniels,7109.45,199819.41,2
2015-09-13,Jagermeister,3652.55,88124.6700000001,23
2015-09-13,Seagrams,6865.75,83084.6199999999,8
2015-09-13,Smirnoff,9938.175,153912.78,4
2015-09-20,Absolut,8361.975,171822.86,5
2015-09-20,Admiral Nelson,3886.75,41395.37,3
2015-09-20,Bacardi,9596.975,136189.27,10
2015-09-20,Captain Morgan,17529.925,296934.81,8
2015-09-20,Fireball,14740.25,237015.26,31
2015-09-20,Jack Daniels,8964.1,245636.72,4
2015-09-20,Jagermeister,3014.25,72436.8400000001,24
2015-09-20,Seagrams,7759.375,90683.3,6
2015-09-20,Smirnoff,9757.8,148476.63,3
2015-09-27,Absolut,9385.125,204756.08,5
2015-09-27,Admiral Nelson,5752.1,60652.56,3
2015-09-27,Bacardi,8363.625,119995.04,16
2015-09-27,Captain Morgan,24841.175,418132.03,8
2015-09-27,Fireball,11945.1,195018.09,32
2015-09-27,Jack Daniels,9225.1,258997.41,5
2015-09-27,Jagermeister,3343.425,80214.5400000001,52
2015-09-27,Seagrams,7430.075,88217.57,3
2015-09-27,Smirnoff,14732.875,219768.16,3
2015-10-04,Absolut,7637.4,166318.16,5
2015-10-04,Admiral Nelson,6182.975,65409.89,3
2015-10-04,Bacardi,15808.9,220136.53,5
2015-10-04,Captain Morgan,22521.525,378947.83,8
2015-10-04,Fireball,12707.1,211179.64,12
2015-10-04,Jagermeister,4172.5,100264.81,56
2015-10-04,Seagrams,7060.525,84580.4099999999,7
2015-10-04,Smirnoff,11548.2,175454.42,10
2015-10-11,Absolut,10091.3,211399.31,6
2015-10-11,Admiral Nelson,4979.05,52063.59,1
2015-10-11,Bacardi,13429.45,187990.94,6
2015-10-11,Captain Morgan,24745.125,416300.89,16
2015-10-11,Fireball,13601.8,225947.57,24
2015-10-11,Jack Daniels,13156.775,353399.279999999,1
2015-10-11,Jagermeister,4247.825,101869.59,30
2015-10-11,Seagrams,8181.475,97120.64,5
2015-10-11,Smirnoff,11885.8,177623.76,3
2015-10-18,Absolut,8592,178915.43,4
2015-10-18,Admiral Nelson,5314.85,56435.57,3
2015-10-18,Bacardi,9845.1,137557.01,7
2015-10-18,Captain Morgan,20882.25,352247.87,13
2015-10-18,Fireball,14645.925,242219.81,21
2015-10-18,Jack Daniels,9182.175,254761.38,4
2015-10-18,Jagermeister,3123.9,74675.25,28
2015-10-18,Seagrams,7929.7,93308.9199999999,4
2015-10-25,Absolut,8308.05,180803.72,3
2015-10-25,Admiral Nelson,5835.325,61374.7400000001,2
2015-10-25,Bacardi,11194.15,158449.96,10
2015-10-25,Captain Morgan,21444.675,362149.36,17
2015-10-25,Fireball,12035.2,199093.02,20
2015-10-25,Jack Daniels,6493.125,179968.49,4
2015-10-25,Jagermeister,3638.075,87546.2400000001,34
2015-10-25,Seagrams,7458.875,88745.4899999999,8
2015-10-25,Smirnoff,11221.45,167890.93,7
2015-11-01,Absolut,8308.9,184475.94,5
2015-11-01,Admiral Nelson,5147.3,54491.38,3
2015-11-01,Bacardi,8623.8,123461.22,14
2015-11-01,Captain Morgan,17732.475,303061.19,10
2015-11-01,Fireball,15666.975,259730.93,20
2015-11-01,Jack Daniels,9343.95,259647.61,5
2015-11-01,Jagermeister,3755.75,90217.7000000001,26
2015-11-01,Seagrams,7882.775,91872.7900000001,5
2015-11-01,Smirnoff,9440.95,148184.72,3
2015-11-08,Absolut,6909.8,153242.54,6
2015-11-08,Admiral Nelson,5363.75,56351.36,3
2015-11-08,Bacardi,8058.1,114794.9,1
2015-11-08,Captain Morgan,21706.9,366955.37,4
2015-11-08,Fireball,12708.35,208861,21
2015-11-08,Jack Daniels,7928.55,220790.26,141
2015-11-08,Jagermeister,3892.025,93344.3100000001,25
2015-11-08,Seagrams,13119.85,149853.13,2
2015-11-08,Smirnoff,9091.625,136493.28,3
2015-11-15,Absolut,11700.475,246306.5,3
2015-11-15,Admiral Nelson,7340.825,77535.09,3
2015-11-15,Bacardi,11639.3,168910.88,10
2015-11-15,Captain Morgan,29380.35,496676.44,8
2015-11-15,Fireball,27809.875,457670.620000001,23
2015-11-15,Jack Daniels,11034.3,303538.45,5
2015-11-15,Jagermeister,5570.425,132518.14,24
2015-11-15,Seagrams,12623.375,147453.57,4
2015-11-15,Smirnoff,16783.65,257095.09,2
2015-11-22,Absolut,2070.4,45227.63,7
2015-11-22,Admiral Nelson,1902.85,20077.06,3
2015-11-22,Bacardi,3587.525,51226.28,8
2015-11-22,Captain Morgan,7079.875,122638.39,24
2015-11-22,Fireball,7301.05,120024.48,38
2015-11-22,Jack Daniels,3754.65,104011.73,1
2015-11-22,Jagermeister,1285.525,30746.41,22
2015-11-22,Seagrams,2689.8,33168.47,7
2015-11-22,Smirnoff,3626.75,56941.09,4
2015-11-29,Absolut,9628.525,204357,5
2015-11-29,Admiral Nelson,8172.125,86084.01,2
2015-11-29,Bacardi,11639.075,169819.42,21
2015-11-29,Captain Morgan,26269.975,446895.32,3
2015-11-29,Fireball,16160.625,266149.55,38
2015-11-29,Jack Daniels,9391.225,264806.2,3
2015-11-29,Jagermeister,4609.175,110756.56,11
2015-11-29,Seagrams,10731.15,127700.04,4
2015-11-29,Smirnoff,13789.675,210751.18,3
2015-12-06,Absolut,7871.625,168930.81,5
2015-12-06,Admiral Nelson,5890.45,62087.29,2
2015-12-06,Bacardi,10757.85,154447.56,7
2015-12-06,Captain Morgan,28232.025,477004.38,6
2015-12-06,Fireball,13542.875,224897.17,75
2015-12-06,Jack Daniels,10519.75,291575.459999999,3
2015-12-06,Jagermeister,4018.275,96284.3500000001,13
2015-12-06,Seagrams,8612.25,102535.12,2
2015-12-06,Smirnoff,12953.7,194670.45,3
2015-12-13,Absolut,8681.25000000001,187374.83,2
2015-12-13,Admiral Nelson,8010.7,84057.29,3
2015-12-13,Bacardi,12331.2,177556.8,6
2015-12-13,Captain Morgan,30062.725,507298.83,5
2015-12-13,Fireball,17667.825,289399.88,116
2015-12-13,Jack Daniels,11954.2,330577.68,2
2015-12-13,Jagermeister,4665.725,112347.24,18
2015-12-13,Seagrams,10707.1,129935.08,4
2015-12-13,Smirnoff,12294.6,188693.8,7
2015-12-20,Absolut,6511.25000000001,142254.07,3
2015-12-20,Admiral Nelson,4805.975,51257.38,2
2015-12-20,Bacardi,10720.3,152257.88,6
2015-12-20,Captain Morgan,25902.6,437460.63,6
2015-12-20,Fireball,14992,248979.97,106
2015-12-20,Jack Daniels,12470.075,346416.45,3
2015-12-20,Jagermeister,3064.075,73745.5100000001,23
2015-12-20,Seagrams,8688.6,102108.51,2
2015-12-20,Smirnoff,11100.9,168439.65,6
2015-12-27,Absolut,4803.4,105428.9,1
2015-12-27,Admiral Nelson,4341.575,45893.84,3
2015-12-27,Bacardi,6350.05,94086.1199999999,4
2015-12-27,Captain Morgan,16753.625,286041.33,5
2015-12-27,Fireball,12118.7,200687.56,104
2015-12-27,Jack Daniels,5456.65,155420.81,1
2015-12-27,Jagermeister,2103.6,50885.02,21
2015-12-27,Seagrams,5365.85,64424.69,3
2015-12-27,Smirnoff,6830.675,106690.4,7
2016-01-03,Absolut,9376.6,197822.5,4
2016-01-03,Admiral Nelson,4390.4,46972.64,3
2016-01-03,Bacardi,7030.7,102236.18,1
2016-01-03,Captain Morgan,17824.475,305306.36,2
2016-01-03,Crown Royal,8089.32500000001,241520.55,5
2016-01-03,Fireball,10624.35,179737.02,90
2016-01-03,Jack Daniels,5704.075,162186.96,5
2016-01-03,Jagermeister,3641.2,87669.7500000002,9
2016-01-03,Smirnoff,10272.1,160464.33,1
2016-01-10,Admiral Nelson,5070.95,54114.73,3
2016-01-10,Captain Morgan,17662.2,304479.21,3
2016-01-10,Fireball,11605.5,189958.35,78
2016-01-10,Jack Daniels,5487.175,155689.5,15
2016-01-10,Jagermeister,3609.525,86903.59,9
2016-01-10,Smirnoff,10503.6,158187.6,4
2016-01-17,Absolut,3187.825,70204.53,1
2016-01-17,Admiral Nelson,3133.25,33387.89,3
2016-01-17,Bacardi,4339.575,63076.7899999999,1
2016-01-17,Captain Morgan,9389.625,162430.98,2
2016-01-17,Fireball,6640.925,109582.57,71
2016-01-17,Jack Daniels,3172.475,89473.62,3
2016-01-17,Jagermeister,1975.275,47750.05,14
2016-01-17,Seagrams,7467.325,86739.49,3
2016-01-17,Smirnoff,5976.025,90003.4899999999,2
2016-01-24,Absolut,9673.425,211482.05,2
2016-01-24,Admiral Nelson,5283.1,56211.79,3
2016-01-24,Captain Morgan,17970.95,309142.41,6
2016-01-24,Crown Royal,7988.87500000001,237926.07,2
2016-01-24,Fireball,12154.6,198217.55,135
2016-01-24,Jagermeister,3626.8,87499.25,10
2016-01-24,Seagrams,10931.25,125461.29,4
2016-01-24,Smirnoff,9940.75,152268.76,2
2016-01-31,Absolut,5221.4,113165.27,2
2016-01-31,Admiral Nelson,7247.225,75983.47,3
2016-01-31,Bacardi,7555.35,108844.85,2
2016-01-31,Captain Morgan,23157.45,390429.46,4
2016-01-31,Crown Royal,8437.55000000001,249584.74,1
2016-01-31,Fireball,16811.925,277979.84,68
2016-01-31,Jagermeister,3081.15,73536.06,9
2016-01-31,Seagrams,7426.1,88335.24,3
2016-01-31,Smirnoff,9532.3,144705.75,2
2016-02-07,Absolut,4545.775,100134.13,2
2016-02-07,Admiral Nelson,5852.925,61605.7100000001,2
2016-02-07,Bacardi,6886.675,99689.1799999998,5
2016-02-07,Captain Morgan,21494.875,363061.47,11
2016-02-07,Fireball,13665.925,222643.34,77
2016-02-07,Jack Daniels,8124.475,226186.01,2
2016-02-07,Jagermeister,2973.125,71058.06,12
2016-02-07,Seagrams,7001.5,83256.3299999999,4
2016-02-07,Smirnoff,9555.475,145021.41,3
2016-02-14,Absolut,7361,156380.54,1
2016-02-14,Admiral Nelson,4628.55,48810.21,3
2016-02-14,Bacardi,8033.8,113677.98,3
2016-02-14,Captain Morgan,19224.25,324209.7,4
2016-02-14,Fireball,16033.975,253099.82,61
2016-02-14,Jack Daniels,7277.5,205718.52,3
2016-02-14,Jagermeister,2880.425,68837.75,19
2016-02-14,Seagrams,6466.1,77309.15,9
2016-02-14,Smirnoff,8966.1,136656.92,3
2016-02-21,Absolut,5780.85,123944.89,2
2016-02-21,Admiral Nelson,5054.325,53164.62,1
2016-02-21,Bacardi,7348.575,106063.13,1
2016-02-21,Captain Morgan,17358.375,293853.12,2
2016-02-21,Crown Royal,7936.02500000001,235663.66,1
2016-02-21,Fireball,14196.625,230282.68,66
2016-02-21,Jack Daniels,5911.925,166004.95,4
2016-02-21,Jagermeister,3018.575,72016.63,16
2016-02-21,Seagrams,6503.5,77540.9,8
2016-02-28,Absolut,5546.95,121487.05,1
2016-02-28,Admiral Nelson,4245.35,44771.2,3
2016-02-28,Captain Morgan,18562.275,314000.75,2
2016-02-28,Fireball,10759,176114.28,75
2016-02-28,Jack Daniels,5179.625,144845.07,3
2016-02-28,Jagermeister,3180.275,76239.27,17
2016-02-28,Seagrams,6683.15,79511.9100000001,4
2016-02-28,Smirnoff,7185.15,113041.14,2
2016-03-06,Absolut,6401.525,135891.14,2
2016-03-06,Admiral Nelson,4456.45,47279.68,3
2016-03-06,Bacardi,7018.725,100452.69,1
2016-03-06,Captain Morgan,20827.1,352195.79,2
2016-03-06,Crown Royal,9615.8,280760.62,1
2016-03-06,Fireball,10837.55,177526.26,76
2016-03-06,Jack Daniels,8574.625,237111.27,2
2016-03-06,Jagermeister,3695.975,88460.64,17
2016-03-06,Seagrams,7011.175,84514.2,5
2016-03-06,Smirnoff,11338.15,168923.13,2
2016-03-13,Absolut,5517.175,119802.59,1
2016-03-13,Admiral Nelson,4068.725,42752.36,3
2016-03-13,Bacardi,7013.6,99513.4599999997,5
2016-03-13,Captain Morgan,18244.9,309951.01,2
2016-03-13,Crown Royal,7764.07500000001,231204.7,1
2016-03-13,Fireball,10836.275,176555.72,71
2016-03-13,Jack Daniels,4967.5,139372.36,5
2016-03-13,Jagermeister,3696.425,88375.12,22
2016-03-13,Seagrams,7160.625,86441.95,2
2016-03-13,Smirnoff,9018.275,139228.77,4
2016-03-20,Absolut,6450.6,138366.78,2
2016-03-20,Admiral Nelson,4474.75,47468.3,3
2016-03-20,Bacardi,6478.925,95470.0999999997,2
2016-03-20,Captain Morgan,20381.675,343488.37,1
2016-03-20,Fireball,9297.975,152981.91,67
2016-03-20,Jack Daniels,8259.225,230647.63,4
2016-03-20,Jagermeister,3188.075,76909.52,27
2016-03-20,Seagrams,7249.55,86801.77,7
2016-03-20,Smirnoff,8383.65,129951.42,2
2016-03-27,Absolut,5306.05,117199.81,3
2016-03-27,Admiral Nelson,4759.575,50360.54,3
2016-03-27,Bacardi,6542.7,96185.6399999998,1
2016-03-27,Captain Morgan,16139.75,271829.57,3
2016-03-27,Crown Royal,7257.62500000001,215935.99,1
2016-03-27,Fireball,10956.575,180054.649999999,64
2016-03-27,Jack Daniels,5771.325,161836.53,3
2016-03-27,Jagermeister,3452.675,82464.48,20
2016-03-27,Seagrams,6912.625,82138.43,9
2016-03-27,Smirnoff,9451.25,146362.6,3
2016-04-03,Absolut,6400.325,138299.47,4
2016-04-03,Admiral Nelson,8320.5,87014.12,3
2016-04-03,Fireball,13902.475,229169.33,70
2016-04-03,Jack Daniels,8018.6,221996.11,6
2016-04-03,Jagermeister,3272.7,78217.87,21
2016-04-03,Seagrams,8228.825,96158.92,7
2016-04-03,Smirnoff,9081.225,140660.44,2
2016-04-10,Absolut,6157.775,134022.08,4
2016-04-10,Admiral Nelson,5008.375,52821.46,3
2016-04-10,Bacardi,8158.85,116386.76,1
2016-04-10,Captain Morgan,16828.85,286136.58,5
2016-04-10,Fireball,11540.7,187452.81,73
2016-04-10,Jack Daniels,9980.825,273908.09,9
2016-04-10,Jagermeister,3020.475,72700.5,23
2016-04-10,Seagrams,8670.425,100575.02,3
2016-04-10,Smirnoff,10503.475,160849.72,1
2016-04-17,Absolut,6751.1,148904.06,4
2016-04-17,Admiral Nelson,5684.625,59548.6800000001,3
2016-04-17,Bacardi,7504.75,108090.79,3
2016-04-17,Fireball,11457.6,188788.84,68
2016-04-17,Jack Daniels,10019.225,281051.96,3
2016-04-17,Jagermeister,2992.95,72079.75,18
2016-04-17,Seagrams,7439.825,87465.9600000001,2
2016-04-17,Smirnoff,8593.525,133657.11,4
2016-04-24,Absolut,7652.77500000001,160127.09,4
2016-04-24,Admiral Nelson,5011.375,52626.5000000001,2
2016-04-24,Bacardi,7772.75,111687.7,2
2016-04-24,Captain Morgan,16682.35,285304.74,2
2016-04-24,Fireball,12720.725,202074.35,86
2016-04-24,Jack Daniels,27484.575,755022.01,4
2016-04-24,Jagermeister,2803.95,67480.9500000001,13
2016-04-24,Seagrams,7482.95,87983.35,13
2016-05-01,Absolut,6807.725,147731,3
2016-05-01,Admiral Nelson,6078.325,64531.2500000001,2
2016-05-01,Bacardi,8409.875,120724.68,1
2016-05-01,Fireball,14060.275,228748.17,76
2016-05-01,Jack Daniels,6123.425,175444.24,4
2016-05-01,Jagermeister,3450.575,82776.79,13
2016-05-01,Seagrams,7567.05,89286.58,5
2016-05-08,Absolut,8583,182718.39,4
2016-05-08,Admiral Nelson,4473.5,47106.02,3
2016-05-08,Bacardi,9459.5,132974.37,1
2016-05-08,Fireball,9428.425,156266.49,76
2016-05-08,Jack Daniels,4636.825,134178.91,4
2016-05-08,Jagermeister,3110.825,74512.2900000001,35
2016-05-08,Seagrams,8620.925,99327.85,9
2016-05-15,Absolut,7027.625,151523.38,3
2016-05-15,Admiral Nelson,4627.05,49061.77,3
2016-05-15,Bacardi,8724.59999999999,124383.8,3
2016-05-15,Fireball,14761.225,238572.66,69
2016-05-15,Jack Daniels,4606.475,132658.84,3
2016-05-15,Jagermeister,3575.25,85176.1200000001,23
2016-05-15,Seagrams,8222.625,95765.54,3
2016-05-22,Absolut,9850.50000000001,213681.6,3
2016-05-22,Admiral Nelson,6242.075,66028.53,3
2016-05-22,Bacardi,11662.55,168787.75,4
2016-05-22,Captain Morgan,29012.875,485443.84,2
2016-05-22,Fireball,15400.775,252796.96,64
2016-05-22,Jack Daniels,5659.6,163062.27,5
2016-05-22,Jagermeister,4393.675,105823.73,34
2016-05-22,Seagrams,9932.875,116540.66,1
2016-05-29,Absolut,1629.05,35504.08,4
2016-05-29,Admiral Nelson,1202.075,12786.96,2
2016-05-29,Bacardi,2192.425,31089.03,4
2016-05-29,Captain Morgan,4992.125,84542.2899999999,5
2016-05-29,Fireball,3164.275,52330.12,56
2016-05-29,Jack Daniels,1381.6,39832.95,2
2016-05-29,Jagermeister,979.425,23618.03,22
2016-05-29,Seagrams,1879.65,21846.88,2
